area;continent;country;plants;ants;amphibians;reptiles;fish;birds;mammals;spider;area;mainl;popdens;GDP;MAT;MAP;N;E
Alberta;America_N;Canada;360;NA;NA;NA;6;4;8;4;654935.7148;MAINL;4.595950804;49837;3.259668268;450.8046195;55.2010092;-114.4701947
Afghanistan;Asia_Temp;Afghanistan;NA;2;NA;NA;13;0;3;NA;641916.446;MAINL;37.09699561;561.2;116.2251804;312.9172119;33.83890296;66.02653864
Buenos_Aires;America_S;Argentina;413;1;1;2;4;8;14;3;306185.5494;MAINL;46.49577359;8458;150.3885113;810.9132973;-36.67974516;-60.55879053
Cordoba;America_S;Argentina;60;NA;0;1;0;1;10;2;99206.86875;MAINL;10.13606444;4259;218.4316989;937.1404883;-26.39787474;-60.75863616
Chaco;America_S;Argentina;100;1;0;0;0;1;10;2;88614.15073;MAINL;10.44098579;4467;207.1384337;1291.893573;-28.76462557;-57.79185251
Corrientes;America_S;Argentina;195;1;1;0;4;1;11;2;167772.2859;MAINL;18.64145262;9314.2;172.4920704;739.0012823;-32.09504217;-63.771565
Argentina_Distrito_Federal;America_S;Argentina;101;NA;1;2;0;8;8;1;179.8676027;MAINL;14691.56225;28358.07;167.7086614;1036.893701;-34.6178664;-58.44990504
Entre_Rios;America_S;Argentina;199;1;0;0;1;1;10;NA;78071.66115;MAINL;15.23295894;6187;182.0840917;1059.31227;-32.04369456;-59.20346947
Formosa;America_S;Argentina;43;NA;0;0;0;1;9;1;76151.83672;MAINL;6.49928736;3704;225.71936;934.4692529;-24.90209428;-59.93084066
La_Pampa;America_S;Argentina;177;NA;0;0;4;1;11;NA;142702.8999;MAINL;2.135750949;10875;152.3654758;448.1096835;-37.13294383;-65.44555016
Misiones;America_S;Argentina;78;1;1;1;0;2;8;4;30127.81537;MAINL;33.81628055;4370.17;198.3498757;1721.617699;-26.86693413;-54.64789239
Santa_Fe;America_S;Argentina;111;1;0;1;0;1;12;NA;133723.9573;MAINL;22.88824727;NA;189.2358474;970.4917975;-30.69496137;-60.94508102
Chubut;America_S;Argentina;165;NA;0;0;5;1;12;NA;221716.6516;MAINL;1.870970694;16100;99.61283611;239.2092386;-43.79850246;-68.49107605
Neuquen;America_S;Argentina;186;NA;0;0;4;7;15;NA;93585.46868;MAINL;3.686918749;19853;102.2256938;431.471343;-38.64072006;-70.12494553
Rio_Negro;America_S;Argentina;220;NA;0;0;5;3;13;2;202969.896;MAINL;3.388051538;8349;120.5982947;268.6263646;-40.39982501;-67.23682833
Santa_Cruz;America_S;Argentina;129;NA;0;0;4;1;12;NA;238779.053;MAINL;0.760155346;26257.32;78.47137133;230.3743923;-48.79279354;-69.88964308
Tierra_del_Fuego_(Argentina);America_S;Argentina;136;NA;NA;NA;3;2;12;NA;20890.53005;MAINL;4.624491299;22277;47.05318637;445.5621149;-54.32992245;-67.42584236
Catamarca;America_S;Argentina;83;1;0;0;0;2;9;NA;99174.77482;MAINL;3.323339345;14428;110.4231626;197.6597047;-27.28561;-66.99582679
Jujuy;America_S;Argentina;103;NA;0;0;0;1;8;1;53038.87098;MAINL;11.56658685;4709;101.337052;297.5858652;-23.31119001;-65.76752951
La_Rioja;America_S;Argentina;68;1;0;0;0;2;9;1;91670.03637;MAINL;3.179493837;5326;157.9441776;281.0451993;-29.67401779;-67.16850778
Mendoza;America_S;Argentina;186;NA;1;0;1;3;10;NA;151222.536;MAINL;10.67915881;9302;118.195995;311.7008622;-34.59827794;-68.60836732
Salta;America_S;Argentina;134;1;1;0;0;1;9;NA;155914.4162;MAINL;7.036293242;5072;165.2364836;513.5618678;-24.28970972;-64.82350508
Santiago_del_Estero;America_S;Argentina;68;NA;0;0;0;1;8;1;135031.1972;MAINL;6.06381597;3890;209.6652621;659.7473033;-27.72662122;-63.29352259
San_Juan;America_S;Argentina;89;1;1;0;2;3;10;1;86785.37846;MAINL;7.23919874;4816;97.93235985;169.356638;-30.81524848;-68.87209125
San_Luis;America_S;Argentina;93;NA;0;0;4;1;11;NA;77386.18129;MAINL;4.816423825;9679;164.8071953;504.6382088;-33.75647931;-66.02890863
Tucuman;America_S;Argentina;130;1;0;0;1;1;9;1;23080.71736;MAINL;58.68791446;4594;174.9295672;666.8210206;-26.94387535;-65.37843873
Alabama;America_N;USA;1124;27;1;5;7;9;9;18;134428.5044;MAINL;33.3821555;34711;169.6995874;1446.02262;32.79389912;-86.82906784
Albania;Europe;Albania;106;NA;0;0;8;1;6;2;28676.78069;MAINL;105.2618722;4094.4;114.3979274;1145.589113;41.14254637;20.06837242
Aldabra;Africa;Seychelles;120;NA;0;1;NA;5;5;NA;183.0711492;ISL;0;NA;260.0790698;1074.223256;-9.412807798;46.38345351
Algeria;Africa;Algeria;328;9;0;0;5;3;4;1;2317476.843;MAINL;13.00005576;5988.78;229.5126019;80.00325379;28.1633545;2.632362328
Altay;Asia_Temp;Russia;84;NA;NA;NA;NA;0;5;NA;263325.7894;MAINL;11.41035547;6244;5.471859779;443.9736601;51.96816239;84.13073238
Aleutian_Is.;America_N;Aleutian_Is.;NA;NA;NA;NA;NA;1;8;NA;11052.04266;ISL;0.173116354;NA;38.45036869;1168.064663;52.67162309;-166.8815414
Amur;Asia_Temp;Russia;NA;NA;NA;NA;NA;1;4;NA;361576.5967;MAINL;2.754577708;12827;-48.63130087;576.6094056;53.39992279;127.7254487
Andaman_Is.;Asia_Trop;Andaman_Nicobar;NA;5;NA;NA;NA;7;11;NA;5901.964373;ISL;35.77074682;NA;265.8668937;2918.44558;12.2676438;92.77713208
Coco_Is.;Asia_Trop;Andaman_Nicobar;NA;NA;NA;NA;NA;0;5;NA;33.8115797;ISL;10.44657882;NA;272.2195122;2234.219512;14.41496376;93.51174477
Angola;Africa;Angola;229;NA;NA;NA;NA;2;6;3;1240511.656;MAINL;10.91240316;4218.6;216.0221632;1019.378825;-12.3357622;17.57181504
Antarctica;Antarctic;Antarctica;2;NA;0;0;NA;0;0;NA;90240.35516;MAINL;NA;NA;NA;NA;-70.22768539;-63.92517379
Arizona;America_N;USA;644;14;5;6;15;11;9;10;294312.7009;MAINL;17.50049038;35783;150.1995882;320.6476448;34.29669616;-111.6575963
Arkansas;America_N;USA;706;11;1;1;7;6;7;5;137545.2584;MAINL;19.57493471;33987;156.9174271;1263.315269;34.90084347;-92.44235749
Aruba;America_S;Aruba;32;10;2;7;NA;3;5;NA;206.3955792;ISL;412.2044687;24289.1;273.1653226;419.2217742;12.51668736;-69.97713313
Ascension;Africa;St_Helena;157;8;0;1;NA;6;6;1;98.41528451;ISL;5.012754817;34266.97;253.1864407;189;-7.938079755;-14.3632866
Alaska;America_N;USA;288;NA;2;0;0;1;21;6;1302450.175;MAINL;0.384246936;45826;-60.72612274;375.1608133;64.89113421;-153.6829385
Amsterdam-St._Paul_Is.;Antarctic;Amsterdam-St._Paul_Is.;NA;NA;NA;NA;NA;3;4;NA;71.99472505;ISL;0;31299.3;127.8785047;1147.588785;-37.97877628;77.53284994
Assam;Asia_Trop;India;297;4;NA;NA;NA;1;2;NA;79090.62639;MAINL;332.7303922;2080.76;237.8481453;2407.934783;26.3430472;92.8312049
Manipur;Asia_Trop;India;259;4;NA;NA;NA;1;2;NA;21742.58218;MAINL;107.4419651;2061;200.7103172;1899.056204;24.72499615;93.88349026
Meghalaya;Asia_Trop;India;276;7;NA;NA;NA;1;2;NA;22516.64666;MAINL;106.5898138;3133;214.0746171;3914.385722;25.53506569;91.28002793
Mizoram;Asia_Trop;India;251;1;NA;NA;NA;1;2;NA;20851.10398;MAINL;42.35676402;2080.76;226.0175783;2481.039268;23.29777463;92.83116618
Nagaland;Asia_Trop;India;260;NA;NA;NA;NA;1;2;NA;16640.54948;MAINL;NA;3369;195.6257515;1956.679817;26.04609971;94.44951099
Tripura;Asia_Trop;India;256;2;NA;NA;NA;1;2;NA;10448.06016;MAINL;315.7434249;2880;249.4714543;2291.742338;23.7399447;91.73472672
Antipodean_Is.;Australasia;New_Zealand;36;NA;NA;NA;0;13;5;NA;860.910406;ISL;0;NA;68.44987469;1429.771303;-50.99242823;167.927082
Austria;Europe;Austria;257;NA;0;1;15;5;12;11;83956.92921;MAINL;96.62948597;38586;57.58577733;1043.934821;47.59295853;14.13999212
Liechtenstein;Europe;Liechtenstein;77;NA;1;1;1;0;3;2;175.2701099;MAINL;208.3878005;140707.1;62.26262626;1214.922559;47.15259548;9.555264926
Azores;Africa;Portugal;760;12;2;2;6;6;12;10;2102.082761;ISL;94.73782702;19785.7;159.4064702;1114.956118;38.2706244;-27.06916208
Bahamas;America_S;Bahamas;45;26;4;11;4;13;10;6;12812.95752;ISL;17.44358153;21940.7;251.7671777;1040.366579;24.1666829;-76.5004385
Baleares;Europe;Spain;183;14;4;17;NA;6;22;5;5101.695964;ISL;152.6073817;28762.98;162.4779335;585.2899792;39.55938907;2.900068554
Bangladesh;Asia_Trop;Bangladesh;NA;7;NA;NA;8;1;6;NA;138820.2937;MAINL;916.7046352;1085.53;255.1616404;2229.345017;23.83299497;90.27093153
Benin;Africa;Benin;333;NA;0;2;1;1;6;NA;116173.1119;MAINL;62.05897834;1163.72;271.8131021;1063.100902;9.647652716;2.343259931
Bermuda;America_S;Bermuda;60;17;2;5;NA;16;6;3;40.25152058;ISL;562.6171676;88207.3;215.462963;1475.740741;32.31349498;-64.75637722
Belgium;Europe;Belgium;508;2;4;0;23;11;11;19;30640.69518;MAINL;336.5305715;35558.52;94.41168813;859.2642223;50.64294584;4.664357678
Luxembourg;Europe;Luxembourg;105;NA;0;1;2;3;8;1;2583.234462;MAINL;170.9800838;73242.97;87.12922679;853.9420633;49.77095611;6.087551964
Bismarck_Archipelago;Asia_Trop;Papua_New_Guinea;NA;11;NA;NA;NA;2;14;2;48922.81203;ISL;11.97336956;NA;247.5996658;3423.330821;-4.936901663;150.6265362
Burkina;Africa;Burkina_Faso;149;NA;NA;NA;1;1;6;NA;272333.4353;MAINL;41.31807168;577.9;280.6697725;764.0182665;12.27792186;-1.739834269
Belarus;Europe;Belarus;187;NA;0;0;10;2;8;5;207723.3836;MAINL;48.23797762;NA;62.17644796;624.7167989;53.5402221;28.04696571
Estonia;Europe;Estonia;126;NA;0;0;4;2;7;3;45977.99801;MAINL;28.49828393;17017.47;51.44397275;628.8217102;58.67400787;25.5257709
Kaliningrad;Europe;Russia;NA;NA;NA;NA;NA;2;6;NA;13551.04876;MAINL;66.88245528;NA;70.47101236;720.188015;54.70554671;21.44380447
Latvia;Europe;Latvia;274;NA;0;0;10;1;7;4;64630.97623;MAINL;35.56234048;12030.63;56.48138983;659.8596591;56.85766939;24.92915332
Lithuania;Europe;Lithuania;259;NA;0;0;5;2;8;4;65047.52068;MAINL;53.52936204;14136.06;61.86926424;663.3302818;55.33585013;23.89683075
Belize;America_S;Belize;62;8;0;5;1;2;7;2;22141.78622;MAINL;9.786265464;4527.3;248.3880536;2043.308707;17.2185052;-88.68282364
Bolivia;America_S;Bolivia;198;5;0;1;10;2;8;NA;1086530.726;MAINL;7.62553214;1934.7;204.2344051;1149.482314;-16.71511345;-64.67053986
Brunei;Asia_Trop;Brunei;NA;3;NA;NA;3;3;9;NA;5749.110592;ISL;54.35171977;31453;269.1913791;3331.944156;4.521478381;114.7613209
Kalimantan;Asia_Trop;Indonesia;NA;2;NA;NA;NA;3;11;2;537165.1398;ISL;21.08141501;3137.4;256.3323987;2930.90986;-0.187363074;113.9941077
Sabah;Asia_Trop;Malaysia;NA;6;NA;NA;NA;9;9;NA;74077.83558;ISL;32.21572004;NA;253.2745682;2470.023537;5.348510259;117.1298846
Sarawak;Asia_Trop;Malaysia;NA;8;NA;NA;NA;6;8;NA;123178.4922;ISL;16.19967898;NA;253.0643334;3655.797309;2.592968144;113.3037472
Botswana;Africa;Botswana;170;NA;NA;NA;4;3;8;1;578324.768;MAINL;3.038004212;6492.9;208.1585675;394.0184957;-22.18204586;23.81507477
Bouvet_I.;Antarctic;Bouvet_I.;NA;NA;0;0;NA;0;0;NA;58.26231413;ISL;0;NA;65.53913043;3219.069565;-54.42178759;3.412458431
British_Columbia;America_N;Canada;934;3;3;5;5;9;22;17;770857.2486;MAINL;3.170484941;35304;5.66060509;707.9317292;55.02287816;-124.4698285
Buryatiya;Asia_Temp;Russia;41;NA;NA;NA;NA;1;5;NA;352357.042;MAINL;3.023160525;8351;-55.57325906;434.2270353;53.55446059;109.5025411
Bulgaria;Europe;Bulgaria;610;3;0;1;16;1;9;7;111006.2242;MAINL;71.70972748;10588.96;102.1650038;609.425399;42.76135302;25.2313767
Burundi;Africa;Burundi;187;NA;NA;NA;3;0;6;NA;27181.5728;MAINL;241.0124417;219.5;197.3615452;1192.276972;-3.356304234;29.88681075
Brasilia_Distrito_Federal;America_S;Brazil;130;NA;NA;NA;7;0;7;2;5863.843619;MAINL;355.0882896;11171.53;213.7618445;1491.12442;-15.77139677;-47.79044835
Goias;America_S;Brazil;127;5;NA;NA;4;3;7;1;342764.2415;MAINL;15.03116817;11171.53;241.000271;1530.253387;-16.00574266;-49.59216032
Mato_Grosso_do_Sul;America_S;Brazil;112;4;NA;NA;2;3;8;1;355795.9765;MAINL;5.980685307;7693.31;241.3329002;1389.452818;-20.33582373;-54.83660983
Mato_Grosso;America_S;Brazil;113;6;NA;NA;2;2;7;3;903616.3183;MAINL;2.831505826;4385.89;247.7232813;1812.020818;-12.96428624;-55.92252586
Alagoas;America_S;Brazil;72;2;NA;NA;1;2;7;NA;28014.48713;MAINL;101.0849367;3309;241.8722117;1068.870466;-9.512672396;-36.62650544
Bahia;America_S;Brazil;179;14;NA;NA;7;3;10;4;560001.0509;MAINL;21.0359486;4627;234.6392068;867.8729015;-12.4751082;-41.70392506
Ceara;America_S;Brazil;108;6;NA;NA;4;2;7;NA;149490.5317;MAINL;48.79826192;3871;257.7238114;857.8519826;-5.10290094;-39.62316019
Fernando_de_Noronha;America_S;Brazil;NA;5;NA;NA;NA;0;7;NA;22.07490899;ISL;70.25505096;NA;267.5;1352.923077;-3.860703561;-32.42022997
Maranhao;America_S;Brazil;82;4;NA;NA;2;2;7;1;326229.2646;MAINL;16.96980197;2892;263.9580453;1502.053963;-5.087670998;-45.2884004
Paraiba;America_S;Brazil;102;2;NA;NA;7;2;8;1;56592.72861;MAINL;62.03008426;3564;241.5248831;779.7301085;-7.118993779;-36.8229609
Pernambuco;America_S;Brazil;139;5;NA;NA;3;3;7;4;97538.62853;MAINL;82.64941245;4547;234.1961591;744.9111585;-8.329462925;-37.99262821
Piaui;America_S;Brazil;72;1;NA;NA;2;2;7;1;252176.7473;MAINL;11.46333141;2973;259.8224268;995.7404583;-7.407952849;-42.98506567
Rio_Grande_do_Norte;America_S;Brazil;70;1;NA;NA;3;3;7;1;52807.73803;MAINL;53.27143511;4289;260.3801903;725.1548035;-5.842243181;-36.6822059
Sergipe;America_S;Brazil;46;3;NA;NA;3;2;8;NA;21476.86283;MAINL;78.59490519;4863;244.4659749;983.5113156;-10.58053533;-37.44585369
Espirito_Santo;America_S;Brazil;155;3;NA;NA;3;3;10;1;45783.96942;MAINL;61.76291361;9818;228.8595391;1182.600025;-19.57304471;-40.66751565
Minas_Gerais;America_S;Brazil;226;10;NA;NA;13;3;9;3;586707.35;MAINL;31.19416123;7534;217.4373544;1259.740872;-18.45197695;-44.67354281
Rio_de_Janeiro;America_S;Brazil;207;8;NA;NA;17;5;11;7;43936.07597;MAINL;317.4855139;10699;215.1438601;1329.44212;-22.19033651;-42.66603589
Sao_Paulo;America_S;Brazil;315;12;NA;NA;12;2;17;9;247739.729;MAINL;152.38774;12705;208.1667493;1353.790935;-22.26103654;-48.7218507
Trindade;America_S;Brazil;NA;NA;NA;NA;NA;0;3;NA;10.26790529;ISL;0;NA;252;724.1666667;-20.50026543;-30.31835308
Acre;America_S;Brazil;75;5;NA;NA;1;2;7;1;152128.1229;MAINL;3.864167262;4856;253.7787998;1946.566676;-9.302216249;-70.48182131
Amazonas;America_S;Brazil;111;9;NA;NA;4;4;7;4;1566064.754;MAINL;1.84503419;7693.31;262.3207547;2540.671423;-4.18918209;-64.71902655
Amapa;America_S;Brazil;56;NA;NA;NA;2;2;7;2;139479.956;MAINL;3.043708432;4385.89;259.7993678;2594.973261;1.448617435;-51.96011137
Para;America_S;Brazil;111;8;NA;NA;3;3;8;6;1235145.635;MAINL;4.734636273;7693.31;259.5880516;2140.84781;-4.035678997;-53.12350521
Roraima;America_S;Brazil;42;3;NA;NA;1;2;7;NA;224921.0736;MAINL;1.473617863;7693.31;262.0107526;1872.122326;2.069108653;-61.40128747
Rondonia;America_S;Brazil;32;2;NA;NA;2;2;7;NA;238447.2344;MAINL;6.004791058;7693.31;248.2882315;1885.823955;-10.92011687;-62.84391904
Tocantins;America_S;Brazil;35;NA;NA;NA;1;2;7;NA;276472.7622;MAINL;4.295086599;11171.53;261.4163283;1679.907816;-10.1180597;-48.32330914
Parana;America_S;Brazil;238;5;NA;NA;13;3;9;1;198612.9141;MAINL;48.68274682;8742;189.7665186;1557.019525;-24.63153311;-51.61969717
Rio_Grande_do_Sul;America_S;Brazil;229;6;NA;NA;10;4;9;9;271231.1515;MAINL;37.76260722;9921;185.7884933;1560.606409;-29.7333324;-53.31727159
Santa_Catarina;America_S;Brazil;230;7;NA;NA;8;3;11;6;94817.83357;MAINL;54.998666;10255;173.3290579;1669.556734;-27.24814792;-50.48760737
Cabinda;Africa;Angola;NA;NA;NA;NA;NA;1;6;NA;6981.714896;MAINL;31.12761574;NA;247.1530115;1073.948183;-5.041229577;12.46228731
Central_African_Republic;Africa;Central_African_Republic;57;1;0;1;5;0;6;NA;618575.1323;MAINL;5.953591829;456.6;248.9981141;1367.884122;6.571447681;20.48276784
California;America_N;USA;1753;25;9;16;29;35;23;39;407759.0096;MAINL;81.51516608;44046;136.3018011;543.3102782;37.23999046;-119.5874549
Cayman_Is.;America_S;Cayman_Islands;218;8;1;8;1;7;8;NA;306.3884687;ISL;103.9246478;58857;264.0379404;1335.680217;19.431525;-80.82909683
Cambodia;Asia_Trop;Cambodia;NA;5;0;2;13;2;6;NA;182007.3224;MAINL;70.15895949;782.7;267.2878377;1782.165876;12.7140315;104.9212402
Chagos_Archipelago;Africa;United_Kingdom;130;9;0;1;NA;6;3;NA;104.4548233;ISL;0;NA;273.1666667;2482.391667;-7.081251358;72.28982913
Chad;Africa;Chad;278;NA;NA;NA;1;1;6;NA;1271887.647;MAINL;6.501648147;736;269.2694787;315.3229441;15.3611377;18.66460375
Chongqing;Asia_Temp;China;58;NA;NA;NA;NA;1;5;NA;81853.16096;MAINL;371.5978694;10398.98;155.7836789;1224.902478;30.0572387;107.8677783
Guizhou;Asia_Temp;China;227;2;NA;NA;NA;1;5;1;176005.1345;MAINL;202.5514099;3127;154.5983615;1198.713358;26.80880303;106.8705846
Hubei;Asia_Temp;China;196;4;NA;NA;NA;1;5;1;185939.4534;MAINL;319.3186718;6590;151.0699623;1164.220791;30.97345725;112.2608687
Sichuan;Asia_Temp;China;250;5;NA;NA;NA;1;5;6;481010.7179;MAINL;171.464489;10398.98;84.00557109;898.9237554;30.5883367;102.739738
Yunnan;Asia_Temp;China;395;10;NA;NA;NA;1;4;6;383137.2633;MAINL;111.0953667;3711;154.4052594;1137.382393;24.97668132;101.486931
Hainan;Asia_Temp;China;244;6;NA;NA;NA;1;6;6;34026.08505;ISL;218.9199196;7746.07;240.3740114;1484.334774;19.20103623;109.7420098
Nei_Mongol;Asia_Temp;China;145;NA;NA;NA;NA;2;5;NA;1150936.868;MAINL;20.62029233;7295.74;31.51814176;298.3222111;44.06270526;113.8562748
Ningxia;Asia_Temp;China;109;1;NA;NA;NA;1;4;NA;51938.57218;MAINL;106.3998646;7295.74;77.09801806;307.7158424;37.27292648;106.1541306
Heilongjiang;Asia_Temp;China;151;1;NA;NA;NA;1;5;NA;451488.88;MAINL;80.23840468;6395;8.454532438;553.5969856;47.86654263;127.7523268
Jilin;Asia_Temp;China;134;NA;NA;NA;NA;2;5;1;191812.5018;MAINL;140.4800804;7459;39.27333496;626.4132717;43.67329592;126.1869423
Liaoning;Asia_Temp;China;155;1;NA;NA;NA;2;4;1;146956.4019;MAINL;284.3593454;9974;76.06884912;699.7952767;41.29775538;122.6120578
Beijing;Asia_Temp;China;123;1;NA;NA;NA;2;4;1;16551.12541;MAINL;823.5663909;17006;99.4689223;558.8738249;40.17519956;116.405373
Gansu;Asia_Temp;China;148;1;NA;NA;NA;1;4;NA;380454.5264;MAINL;65.49789271;7295.74;58.66668748;306.8589996;37.73762835;101.2225229
Hebei;Asia_Temp;China;193;NA;NA;NA;NA;2;4;2;186867.5447;MAINL;359.6860416;6702;90.96733681;504.1196717;39.53587817;116.1131205
Shaanxi;Asia_Temp;China;164;3;NA;NA;NA;1;4;2;203526.6201;MAINL;174.2634249;6408;105.4184727;652.7318067;35.15820129;108.8611469
Shandong;Asia_Temp;China;176;6;NA;NA;NA;2;4;2;155433.7859;MAINL;578.2976751;9658;130.0389087;672.2437225;36.34580724;118.1392236
Shanxi;Asia_Temp;China;137;NA;NA;NA;NA;2;4;NA;156207.9291;MAINL;208.9667119;6086;79.130438;509.2012497;37.56877352;112.2850082
Tianjin;Asia_Temp;China;86;NA;NA;NA;NA;2;4;1;11266.89176;MAINL;861.3469134;16788;120.806322;552.0935303;39.28387049;117.3080464
Qinghai;Asia_Temp;China;118;1;NA;NA;NA;1;5;NA;734153.8179;MAINL;7.021445223;5671;-21.00357305;294.7405979;35.77342914;96.04684807
Anhui;Asia_Temp;China;184;2;NA;NA;NA;2;5;2;140127.1009;MAINL;424.0883761;4905;155.8505189;1122.035172;31.82003385;117.2273851
Fujian;Asia_Temp;China;312;10;NA;NA;NA;3;6;3;120787.0885;MAINL;266.189027;9434;182.3562275;1673.027663;26.0753818;117.9675578
Guangdong;Asia_Temp;China;387;15;NA;NA;NA;3;6;5;176505.1867;MAINL;502.065409;5248.93;210.8093204;1689.871669;23.34847412;113.4101728
Guangxi;Asia_Temp;China;303;12;NA;NA;NA;2;6;3;236531.8287;MAINL;186.1618842;4908;202.0115171;1512.322532;23.83116833;108.7855299
Henan;Asia_Temp;China;171;4;NA;NA;NA;2;5;NA;166030.0341;MAINL;553.0589277;5805;141.7225558;750.0872946;33.87827834;113.6069562
Hong_Kong;Asia_Temp;China;167;11;0;3;8;26;11;2;1061.389794;MAINL;4962.003738;32550.1;222.3597923;2107.62908;22.37770246;114.1129083
Hunan;Asia_Temp;China;201;7;NA;NA;NA;2;5;4;210987.4762;MAINL;302.2529665;5771;166.8496343;1437.934065;27.61617559;111.702058
Jiangsu;Asia_Temp;China;234;3;NA;NA;NA;2;5;NA;99527.62073;MAINL;702.2621835;12446;148.5225284;929.1092862;32.97741605;119.4393083
Jiangxi;Asia_Temp;China;212;2;NA;NA;NA;3;6;3;167628.4743;MAINL;243.3194807;5008;176.9559444;1571.934481;27.61682537;115.7152356
Kin-Men;Asia_Temp;China;NA;NA;NA;NA;NA;2;6;NA;171.8773789;ISL;494.3971461;NA;217.0909091;989.8045455;24.44164825;118.3653615
Macau;Asia_Temp;China;83;4;0;0;NA;1;5;NA;6.806896312;MAINL;35021.46392;53046;227.6;1815.1;22.1995404;113.5449681
Ma-tsu-Pai-ch?an;Asia_Temp;China;NA;NA;NA;NA;NA;1;6;NA;30.6630873;ISL;49.90144936;NA;189.25;1331.2;26.18449867;119.9594503
Shanghai;Asia_Temp;China;94;3;NA;NA;NA;2;4;1;5884.601488;MAINL;2695.68606;17622;160.0870541;1043.929284;31.17169808;121.4132633
Zhejiang;Asia_Temp;China;229;9;NA;NA;NA;2;4;4;99911.38177;MAINL;440.2019144;12032;161.6282334;1558.272465;29.16724629;120.060059
Tibet;Asia_Temp;China;151;1;NA;NA;NA;1;4;1;1133792.991;MAINL;2.374040801;3986;-24.44032821;293.6810998;31.712301;88.11841654
Xinjiang;Asia_Temp;China;161;NA;1;NA;3;2;5;NA;1631778.294;MAINL;11.42405936;5883;51.97136616;106.8547311;41.12316666;85.25096208
Cocos_(Keeling)_Is.;Asia_Trop;Cocos_(Keeling)_Islands;58;11;0;3;NA;1;1;NA;28.73739314;ISL;7.357715387;41107.48;265.8157895;1940.342105;-12.17188243;96.85559708
Biobio;America_S;Chile;319;1;NA;NA;10;3;11;2;35990.2849;MAINL;48.58771918;8324;111.1803142;1334.926159;-37.17970894;-72.26743353
Coquimbo;America_S;Chile;180;1;NA;NA;4;3;10;2;39500.89354;MAINL;14.77464053;9485;96.22176756;148.2203288;-30.62526311;-70.88652
La_Araucania;America_S;Chile;301;1;NA;NA;4;3;11;NA;32651.2719;MAINL;25.95160073;NA;101.4119123;1555.618043;-38.62280503;-72.24781466
Maule;America_S;Chile;278;1;NA;NA;7;3;11;1;30559.12655;MAINL;31.74287017;7285.92;109.3389296;919.4310743;-35.62015061;-71.44928597
O?Higgins;America_S;Chile;NA;NA;NA;NA;4;3;10;NA;15858.3796;MAINL;49.16784916;10985;116.0833185;723.8732363;-34.4434151;-71.04813298
Santiago;America_S;Chile;299;1;NA;NA;9;3;10;2;15828.96234;MAINL;387.1437805;14873.59;100.6827088;492.2966591;-33.61157321;-70.64335484
Valparaiso;America_S;Chile;311;6;NA;NA;8;3;10;NA;16066.64276;MAINL;95.18601614;9908;119.1715389;376.1824958;-32.7937111;-70.97797856
Colombia;America_S;Colombia;296;19;2;1;36;6;10;12;1135625.489;MAINL;36.76898042;7534.48;245.8377386;2670.69802;3.899940025;-73.07536004
Antofagasta;America_S;Chile;92;NA;NA;NA;1;2;9;4;124575.0972;MAINL;3.943090359;42173.79;119.1089778;20.49371791;-23.46957094;-69.11992217
Atacama;America_S;Chile;113;NA;NA;NA;0;2;10;1;77956.18686;MAINL;3.293847385;18565;95.26505424;44.13465087;-27.36817479;-69.90115182
Tarapaca;America_S;Chile;99;NA;NA;NA;0;1;9;1;57065.64795;MAINL;7.403107175;17194.36;110.5536176;78.45755363;-19.70296898;-69.47903129
Aisen;America_S;Chile;59;NA;NA;NA;8;1;12;NA;76671.29567;MAINL;1.01814395;9344.71;66.82674258;1981.780357;-46.28323301;-73.3600189
Los_Lagos;America_S;Chile;272;1;NA;NA;10;2;12;1;61314.77344;MAINL;17.41206181;6438;94.11531294;1965.364784;-41.32767266;-72.87384001
Magellanes;America_S;Chile;141;1;NA;NA;6;1;15;1;102740.9464;MAINL;1.183711509;12004.52;54.7489731;1529.17258;-52.60010916;-71.70267714
Cameroon;Africa;Cameroon;296;6;0;1;3;0;6;3;464799.9248;MAINL;31.76042612;1742.69;242.8508563;1643.61148;5.685796322;12.74325047
Connecticut;America_N;USA;1109;2;1;2;5;6;7;8;12844.37342;MAINL;260.8719415;56193;91.88779951;1212.773148;41.62574308;-72.72758095
Canary_Is.;Africa;Spain;548;23;3;8;NA;12;15;14;7521.101562;ISL;201.1212193;27332.01;175.776362;286.6679041;28.33813028;-15.67748558
Colorado;America_N;USA;588;3;1;1;9;7;11;10;271032.6308;MAINL;15.97425025;43819;63.99277082;434.2335047;38.99914653;-105.5337039
Comoros;Africa;Comoros;3;31;0;7;1;9;6;4;1724.22151;ISL;301.2994798;NA;227.0692829;2077.72093;-11.89337767;43.67623201
Mayotte;Africa;Comoros;NA;NA;0;1;NA;9;12;NA;449.4247412;ISL;304.0138955;NA;254.108209;1268.73694;-12.81835006;45.13926174
Congo;Africa;Congo;56;2;NA;NA;9;0;7;NA;344043.6052;MAINL;10.00509226;2183.4;245.0303472;1654.783407;-0.840074754;15.22427245
Cook_Is.;Pacific;Cook_Islands;747;21;0;14;3;3;8;8;201.042446;ISL;64.73903556;NA;243.0967742;2016.112903;-20.68746738;-158.7919122
Corse;Europe;France;397;2;NA;NA;NA;1;19;5;8783.023839;ISL;28.53734329;31299.3;127.59473;727.1301539;42.15818981;9.105312296
Costa_Rica;America_S;Costa_Rica;280;17;2;7;10;2;7;12;51064.22465;MAINL;76.46601651;9939.32;234.8860899;2970.630093;9.970483318;-84.18900416
Clipperton_I.;America_S;France;8;2;0;1;NA;0;1;NA;7.363246352;ISL;0;NA;268.875;193.875;10.29770781;-109.2192906
Cocos_I.;America_S;Cocos_I.;NA;12;NA;NA;NA;1;1;NA;22.41341728;ISL;0;NA;264;2616;5.532120491;-87.0638179
Malpelo_I.;America_S;Malpelo_I.;NA;NA;NA;NA;NA;0;0;NA;2.266681968;ISL;0;NA;253;1845.333333;3.991397295;-81.60422405
Eastern_Cape_Province;Africa;South_Africa;601;3;NA;NA;8;7;16;2;170097.2833;MAINL;39.59257724;6975.41;158.2067876;584.8399704;-32.14219133;26.46715497
Northern_Cape_Province;Africa;South_Africa;389;1;NA;NA;2;5;10;NA;362351.2324;MAINL;2.383913249;6975.41;175.4510768;236.2220767;-29.52566363;21.34693074
Western_Cape_Province;Africa;South_Africa;551;3;NA;NA;11;9;16;4;129047.5468;MAINL;33.19355346;6975.41;161.8833766;363.2146673;-33.01162095;20.61422584
Caprivi_Strip;Africa;Namibia;NA;NA;NA;NA;0;2;6;NA;20090.93376;MAINL;5.674585794;NA;218.4423147;598.5944402;-17.92034394;23.25700383
Micronesia_Federated_States;Pacific;Micronesia_Federated_States;NA;29;1;5;2;5;10;NA;770.2463572;ISL;82.02577349;NA;268.9393605;4490.270121;7.095832651;154.8281847
Palau;Pacific;Palau;NA;26;1;4;5;7;11;4;511.2788911;ISL;28.80139884;9004.6;273.5172414;3506.967159;7.3881454;134.4839158
Crozet_Is.;Antarctic;France;59;NA;NA;NA;NA;0;4;NA;353.579768;ISL;0;31299.3;46.50166667;2393.416667;-46.34319821;51.61850122
Chita;Asia_Temp;Russia;22;NA;NA;NA;NA;1;5;NA;431835.4579;MAINL;2.998290174;8699.15;-53.31326068;408.7831963;52.8406914;116.2008257
Chatham_Is.;Australasia;New_Zealand;425;NA;NA;NA;1;16;8;1;705.3749442;ISL;0.650471078;33394.1;112.4683099;933.1505282;-43.95966231;-176.5029737
Cuba;America_S;Cuba;542;25;1;6;16;13;28;15;109977.7393;ISL;99.27624372;5702;250.4276741;1328.684941;21.62012559;-79.03522543
Cape_Verde;Africa;Cape_Verde;94;6;1;3;NA;6;6;2;3525.23985;ISL;109.38992;3413.3;217.0263588;254.3072078;15.98732287;-24.10306511
Cyprus;Asia_Temp;Cyprus;143;5;0;2;13;2;9;NA;9258.82162;ISL;82.22321411;30438.9;178.4752927;515.135016;35.04300313;33.21867825
Czech_Republic;Europe;Czech_Republic;249;NA;0;2;18;4;16;15;78751.63077;MAINL;130.4851696;23394.38;73.55211094;663.2972992;49.74303445;15.33833451
Slovakia;Europe;Slovakia;162;NA;0;1;17;2;12;11;48936.27098;MAINL;110.4622606;19288.38;76.65196078;746.0723097;48.71130651;19.50871249
Delaware;America_N;USA;748;1;0;1;4;7;7;6;5069.399875;MAINL;151.901476;41541;126.8795577;1094.083454;38.99814067;-75.51281006
Denmark;Europe;Denmark;430;NA;1;1;10;4;13;9;42958.66053;MAINL;118.5763361;33716.83;77.6578075;707.5920324;55.96231824;10.05081371
Djibouti;Africa;Djibouti;42;NA;0;1;NA;1;6;NA;21434.29387;MAINL;27.17669672;1353;280.5091989;172.0853482;11.7498223;42.57794604
Dominican_Republic;America_S;Dominican_Republic;65;19;2;6;10;12;8;12;48417.03903;ISL;168.4800361;5295.4;240.0623077;1366.496472;18.89309066;-70.48543965
Desventurados_Is.;America_S;Chile;NA;NA;0;0;NA;0;2;NA;6.00277308;ISL;0;NA;156;166;-26.31159104;-79.9604038
East_Aegean_Is.;Asia_Temp;East_Aegean_Is.;NA;7;NA;NA;NA;1;11;NA;5596.567143;ISL;61.2707083;NA;168.5389563;722.5649272;37.77924814;26.7956822
Easter_Is.;Pacific;Chile;NA;11;0;2;NA;5;4;11;188.9821673;ISL;0;12526.56;201.212;1145.664;-27.11727498;-109.3158806
Ecuador;America_S;Ecuador;595;12;1;2;3;4;8;9;247904.9361;MAINL;49.07902171;5520;208.6953545;2037.137322;-1.452910023;-78.39320695
Egypt;Africa;Egypt;179;12;0;2;4;5;4;2;926261.6253;MAINL;71.09309413;4340.46;221.4002544;12.36512478;26.35781078;29.5313701
Arunachal_Pradesh;Asia_Trop;India;282;4;NA;NA;NA;1;2;NA;82030.38929;MAINL;14.84962594;3650;144.8970352;1857.529565;28.03303338;94.66391147
Bhutan;Asia_Trop;Bhutan;NA;2;0;1;23;1;5;NA;39851.17414;MAINL;50.42029743;2201.3;100.7893612;1557.668448;27.41546005;90.42944584
Darjiling;Asia_Trop;India;NA;NA;NA;NA;NA;0;2;NA;3058.053083;MAINL;309.6437658;NA;198.9722708;2977.135648;26.95998536;88.53606433
Sikkim;Asia_Trop;India;302;6;NA;NA;NA;1;2;NA;7276.306679;MAINL;73.94132997;5645;64.04888239;1217.370796;27.56360331;88.46613051
El_Salvador;America_S;El_Salvador;NA;6;0;2;7;2;7;2;20585.09822;MAINL;303.1124233;6167.54;243.6825006;1838.696222;13.73614152;-88.86559446
Equatorial_Guinea;Africa;Equatorial_Guinea;187;3;0;1;NA;0;7;1;24894.07765;MAINL;12.86636491;16611.5;232.3564788;2212.791039;1.567921819;10.47599001
Eritrea;Africa;Eritrea;65;NA;0;3;2;1;5;NA;121034.946;MAINL;29.19627425;368.7;261.8953476;353.4690309;15.35884128;38.85291013
Ethiopia;Africa;Ethiopia;421;1;NA;NA;10;1;6;1;1127529.104;MAINL;60.77231435;343.7;227.2218045;795.2591898;8.626140571;39.6160194
Falkland_Is.;Antarctic;Falkland_Is.;NA;NA;0;0;2;2;10;1;11751.53846;ISL;0.233456239;34266.97;57.06665758;545.5197655;-51.7398244;-59.37234604
Fiji;Pacific;Fiji;328;32;1;3;12;13;11;4;19318.63091;ISL;39.0848706;3649.4;242.0837809;2539.996067;-17.46392685;160.7916367
Finland;Europe;Finland;125;NA;0;0;10;3;11;9;335928.4282;MAINL;14.78816997;32991.91;12.94470225;560.9272389;64.49433632;26.2588367
Florida;America_N;USA;1473;66;4;54;41;37;20;30;146585.0311;MAINL;104.7418147;39587;213.1279684;1348.328847;28.65142195;-82.48405094
Foroyar;Europe;Faroe_Islands_;28;NA;NA;NA;NA;2;4;1;1599.559836;ISL;25.44930439;46412.5;58.44112434;1442.129906;62.050314;-6.863636018
Channel_Is.;Europe;Jersey_and_Guernsey;834;NA;NA;NA;NA;2;4;NA;200.3072303;ISL;604.0677404;NA;116.2357955;844.8210227;49.31001616;-2.297805079
France;Europe;France;716;7;9;3;30;14;20;18;539383.641;MAINL;107.5028665;31299.3;104.5205467;817.0494708;46.63137208;2.451504245
Monaco;Europe;Monaco;NA;NA;0;0;NA;0;5;NA;12.53238378;MAINL;1199.022638;NA;128.0526316;834.3157895;43.75034615;7.412017151
French_Guiana;America_S;French_Guiana;162;12;1;2;1;0;8;3;83625.7059;MAINL;1.834070465;19600;254.0411181;2696.908096;3.924382847;-53.24126852
Gabon;Africa;Gabon;94;6;0;1;5;0;8;1;260692.2188;MAINL;4.70818406;10120.32;245.0304674;1854.754006;-0.590675636;11.7971526
Galapagos;America_S;Ecuador;263;42;0;4;1;4;10;12;7940.465089;ISL;2.110425849;15568;225.8273861;679.7857911;-0.562230836;-90.89331315
Gambia._The;Africa;Gambia._The;NA;NA;0;1;NA;1;6;1;10714.81971;MAINL;118.7124175;1110.03;272.0851544;798.9089354;13.4529394;-15.38562696
Georgia;America_N;USA;1035;28;2;5;5;8;11;16;152468.4039;MAINL;54.0986798;2613.8;174.3834428;1283.263549;32.65409017;-83.4466779
Germany;Europe;Germany;451;1;2;2;22;10;18;27;357575.1669;MAINL;229.6564168;34230.11;83.8995088;729.1062032;51.11015178;10.39233019
Annobon;Africa;Equatorial_Guinea;NA;NA;NA;NA;NA;0;7;NA;18.90110265;ISL;17.80167877;NA;251;3357;-1.45058432;5.630537757
Bioko;Africa;Equatorial_Guinea;NA;4;NA;NA;NA;1;7;NA;2028.167809;ISL;52.53547622;NA;214.478903;2508.240084;3.483015072;8.696983048
Principe;Africa;Sao_Tome_Principe;NA;NA;0;1;NA;2;8;NA;189.5404103;ISL;45.35886925;2687.9;239.8318584;1903.579646;1.622659165;7.398764949
Sao_Tome;Africa;Sao_Tome_Principe;NA;2;0;1;NA;9;10;NA;956.6659713;ISL;128.9822776;2687.9;228.0534759;2408.622103;0.227466463;6.606185546
Ghana;Africa;Ghana;190;5;NA;NA;2;1;6;2;239033.0591;MAINL;83.04733347;1658.09;269.3820866;1246.449057;7.959639297;-1.207050125
Gilbert_Is.;Pacific;Gilbert_Is.;NA;14;NA;NA;NA;1;6;3;448.9131691;ISL;25.97623947;NA;282.7538462;1661.026923;-0.075627923;174.3217036
Guinea-Bissau;Africa;Guinea-Bissau;48;NA;0;0;NA;1;6;NA;33969.4872;MAINL;39.40451718;1340.2;266.0594584;1700.296873;12.01619646;-14.98748338
Greenland;America_N;Greenland;145;NA;0;0;1;0;3;NA;282113.6834;ISL;0.149420103;40447;-126.377196;300.2724332;75.89220458;-43.35223699
Great_Britain;Europe;United_Kingdom;1666;2;NA;NA;24;27;30;21;231139.5221;ISL;238.4236844;34266.97;84.24037762;976.6966175;54.1326318;-2.667712547
Greece;Europe;Greece;136;8;1;4;12;3;9;11;117547.5231;MAINL;81.69674354;25225.52;137.1984357;689.8482571;39.36723826;22.67457493
Bahrain;Asia_Temp;Bahrain;NA;NA;0;2;NA;12;7;NA;650.7218745;ISL;892.4520325;22386;262.5832349;70.01062574;26.01943924;50.56250101
Qatar;Asia_Temp;Qatar;127;1;0;0;1;5;7;NA;11110.10513;MAINL;48.16622387;71510.2;268.2768019;73.10581347;25.3158069;51.19120334
United_Arab_Emirates;Asia_Temp;UAE;NA;26;0;2;3;17;5;1;70511.49014;MAINL;45.10025251;61097;270.6870364;74.30368408;23.91267741;54.33223359
Guatemala;America_S;Guatemala;NA;10;1;4;9;2;7;4;108994.1309;MAINL;102.1739053;5588.84;229.1633534;1997.085625;15.70230638;-90.35694443
Guinea;Africa;Guinea;86;3;0;0;NA;1;6;2;245061.5833;MAINL;33.94406011;435.4;256.810938;1833.574036;10.43853955;-10.94184026
Guyana;America_S;Guyana;113;7;0;3;2;0;8;5;210679.8705;MAINL;3.452694424;2874;260.0923358;2030.753099;4.792379697;-58.97416751
Haiti;America_S;Haiti;149;18;2;2;3;11;9;8;27258.0857;ISL;277.8024994;1269.05;239.4774515;1521.183653;18.93899332;-72.68358029
Navassa_I.;America_S;US_Pacific;30;NA;NA;NA;NA;0;1;NA;2.750925135;ISL;0;NA;263.4;1687;18.40676308;-75.0154597
Hawaiian_Is.;Pacific;US_Pacific;1428;62;7;25;51;91;16;48;16858.73204;ISL;67.75739458;43047;184.7580292;1707.970885;20.26898313;-156.3663379
Johnston_I.;Pacific;US_Pacific;24;4;NA;NA;NA;0;2;NA;1.200417035;ISL;0;NA;262;635;16.72861477;-169.5338036
Midway_Is.;Pacific;US_Pacific;NA;14;NA;NA;NA;5;4;NA;11.28087814;ISL;0;NA;224.1764706;1086.411765;28.20495865;-177.3664246
Howland-Baker_Is.;Pacific;US_Pacific;NA;1;NA;NA;NA;0;2;NA;4.919245108;ISL;0;NA;284;1355;0.605031764;-176.5780454
Heard-McDonald_Is.;Antarctic;Heard_Island_and_McDonald_Islands;1;NA;0;0;NA;0;0;NA;402.629766;ISL;0;NA;6.001285347;906.625964;-53.09067804;73.49727342
Honduras;America_S;Honduras;NA;16;1;5;6;2;7;3;112160.6184;MAINL;56.60645889;3298.9;236.0898365;1731.280069;14.81592872;-86.6201546
Hungary;Europe;Hungary;141;1;0;2;18;2;10;12;92988.74668;MAINL;109.7917608;16556.2;103.6831965;587.1970305;47.1665173;19.41351505
Iceland;Europe;Iceland;59;NA;0;0;1;0;9;2;85482.14408;ISL;2.790329346;41695.9;17.41436705;1129.633428;65.03035849;-18.67238872
Idaho;America_N;USA;615;1;2;0;11;9;9;6;216274.7858;MAINL;5.951237613;33046;49.81002188;485.4476525;44.39671877;-114.6539269
Illinois;America_N;USA;1050;3;0;1;11;7;6;12;150177.0812;MAINL;83.20943915;43554;108.9606391;971.0322055;40.12111514;-89.15471894
Andhra_Pradesh;Asia_Trop;India;323;NA;NA;NA;NA;1;2;NA;275223.3609;MAINL;274.6242383;4218;274.0063922;896.1678388;16.6054652;79.584671
Bihar;Asia_Trop;India;288;2;NA;NA;NA;0;2;NA;94023.23657;MAINL;858.391943;1453;255.3604692;1135.714901;25.67250309;85.60035916
Chandigarh;Asia_Trop;India;251;NA;NA;NA;NA;0;2;NA;139.5838576;MAINL;5170.63066;11594;240.6210526;984.6842105;30.72617784;76.76928938
Chattisgarh;Asia_Trop;India;239;NA;NA;NA;NA;1;2;NA;139197.1312;MAINL;152.1116427;2363.79;256.3226461;1349.392685;21.20371021;82.07318725
Dadra-Nagar-Haveli;Asia_Trop;India;NA;NA;NA;NA;NA;0;2;NA;547.9082606;MAINL;383.0121111;NA;262.1134021;2448.603829;20.16624337;73.10625361
Delhi;Asia_Trop;India;277;NA;NA;NA;NA;0;2;NA;1284.364038;MAINL;7172.030401;9644;251.0502924;583.3894737;28.63934492;77.09583036
Diu;Asia_Trop;India;NA;NA;NA;NA;NA;0;2;NA;87.14142416;MAINL;419.4721417;NA;259.7818182;738.2;20.72654091;70.8469007
Daman;Asia_Trop;India;NA;NA;NA;NA;NA;0;2;NA;143.0729627;MAINL;886.4790293;NA;267.5;1964.277778;20.39121616;72.87375099
Goa;Asia_Trop;India;270;NA;NA;NA;NA;0;2;NA;4202.549459;MAINL;309.2069256;12831.02;266.4769382;2923.265162;15.35905217;74.07968645
Gujarat;Asia_Trop;India;292;4;NA;NA;NA;1;2;NA;185041.6106;MAINL;262.2983975;5185;267.5102965;683.3251254;22.70479161;71.55597905
Haryana;Asia_Trop;India;283;2;NA;NA;NA;0;2;NA;44093.18986;MAINL;470.2204655;6317;249.0117983;561.9661161;29.19180804;76.32365516
Jharkhand;Asia_Trop;India;238;NA;NA;NA;NA;0;2;NA;79161.05526;MAINL;348.9970041;3477;251.2199082;1235.461911;23.65943494;85.58224459
Kerala;Asia_Trop;India;374;10;NA;NA;NA;0;2;NA;38550.74668;MAINL;793.1375401;5003;258.4671292;2808.036504;10.46869272;76.40455815
Karaikal;Asia_Trop;India;NA;NA;NA;NA;NA;0;2;NA;203.7734412;MAINL;928.7335267;NA;284.8669355;1259.770161;10.92859477;79.79435216
Karnataka;Asia_Trop;India;376;12;NA;NA;NA;0;3;NA;189331.9552;MAINL;272.0747324;4033;253.4897688;1157.635645;14.68692199;76.1848651
Mahe;Asia_Trop;India;NA;NA;NA;NA;NA;0;2;NA;9.385301844;MAINL;2559.424976;NA;272.9230769;3562.076923;11.75984423;75.53283027
Madhya_Pradesh;Asia_Trop;India;287;NA;NA;NA;NA;0;2;NA;306113.0911;MAINL;194.3654891;2364;252.764826;1050.802048;23.54588133;78.28086393
Maharashtra;Asia_Trop;India;352;9;NA;NA;NA;1;2;1;313025.1622;MAINL;304.5545305;5577;261.8897499;1203.949146;19.45057272;76.13280191
Orissa;Asia_Trop;India;283;3;NA;NA;NA;0;2;NA;148953.4152;MAINL;241.0645119;2826;259.6601163;1401.617295;20.56641205;84.50456397
Pondicherry;Asia_Trop;India;265;NA;NA;NA;NA;0;2;NA;342.0566089;MAINL;1705.63618;NA;282.9876238;1158.522277;11.90384245;79.74341416
Punjab;Asia_Trop;India;307;7;NA;NA;NA;0;2;NA;50984.65453;MAINL;481.3516193;5029;241.5471543;641.8126689;30.84687226;75.4150735
Rajasthan;Asia_Trop;India;321;5;NA;NA;NA;1;2;NA;341999.3137;MAINL;163.156628;2882;258.8595627;430.773841;26.5856744;73.84865296
Tamil_Nadu;Asia_Trop;India;439;9;NA;NA;NA;0;2;NA;130081.4113;MAINL;471.7280003;4590;274.3912948;936.4639864;11.00541379;78.4041776
Uttar_Pradesh;Asia_Trop;India;316;3;NA;NA;NA;0;2;NA;244210.5169;MAINL;692.9110656;2051;253.4127589;1012.988686;26.94462298;80.54340217
West_Bengal;Asia_Trop;India;350;9;NA;NA;NA;0;2;NA;82435.43412;MAINL;934.8107151;3153;259.9878689;1629.739758;23.67171975;87.97270501
Yanam;Asia_Trop;India;NA;NA;NA;NA;NA;0;2;NA;55.62258751;MAINL;502.0576091;NA;278.0144928;1078.217391;16.74550564;82.25472927
Indiana;America_N;USA;813;3;0;1;9;8;6;12;94753.9246;MAINL;64.54975172;35205;107.9597893;1030.670965;39.91382309;-86.28535884
Iowa;America_N;USA;624;NA;1;0;5;7;7;5;145268.7718;MAINL;20.27107819;39409;87.22245116;839.2112704;42.07863115;-93.49640075
Ireland;Europe;Ireland;363;NA;0;1;15;4;15;8;69702.26063;ISL;52.29332402;47903.7;91.9078883;1100.563053;53.17707634;-8.151586847
Northern_Ireland;Europe;United_Kingdom;392;NA;NA;NA;NA;5;13;2;14298.60201;ISL;114.1410231;27032;83.78353904;1078.711723;54.6037362;-6.694507028
Irkutsk;Asia_Temp;Russia;59;NA;NA;NA;NA;1;7;1;773704.333;MAINL;3.508992275;13167.32;-51.83519696;410.8148184;57.09665491;106.3584418
Iran;Asia_Temp;Iran;NA;17;0;4;30;2;5;NA;1623444.907;MAINL;40.81551805;9429.37;169.5693531;212.0374233;32.56479713;54.30142285
Iraq;Asia_Temp;Iraq;NA;10;0;2;7;0;3;NA;436205.7944;MAINL;57.47744521;4487.4;214.5513775;206.1984849;33.04801462;43.7722378
Italy;Europe;Italy;478;8;4;7;57;12;19;18;250698.1;MAINL;200.1141969;28381;115.329212;862.5195182;43.52546164;12.15502009
San_Marino;Europe;Italy;NA;NA;0;0;NA;0;5;NA;67.61038108;MAINL;451.4119248;NA;127.8425926;750.0277778;43.94191474;12.46035762
Vatican_City;Europe;Italy;NA;NA;0;0;NA;0;5;NA;0.471686724;MAINL;2393.04806;NA;156;803;41.88056069;12.51945611
Ivory_Coast;Africa;Ivory_Coast;266;2;0;1;5;2;7;1;321361.7565;MAINL;50.89635378;1298.5;262.6611747;1334.165966;7.631719608;-5.555505006
Jamaica;America_S;Jamaica;23;19;4;1;4;12;9;10;11038.59502;ISL;229.2749681;4917;239.5830446;1835.127829;18.15132857;-77.31974834
Hokkaido;Asia_Temp;Japan;NA;NA;NA;NA;10;3;9;NA;78655.46623;ISL;70.75550825;NA;54.6362921;1228.051245;43.37758979;142.565164
Honshu;Asia_Temp;Japan;NA;13;NA;NA;24;22;15;4;231057.5865;ISL;432.4301761;NA;114.2317392;1728.677526;36.63295744;137.9515335
Kyushu;Asia_Temp;Japan;NA;15;NA;NA;12;12;13;8;42024.9676;ISL;296.2712785;NA;152.012382;2361.273455;32.47955749;130.7202546
Shikoku;Asia_Temp;Japan;NA;7;NA;NA;7;7;7;1;18847.35745;ISL;201.8733276;NA;140.4616725;1987.963776;33.6556519;133.4672626
Jawa;Asia_Trop;Indonesia;NA;13;NA;NA;NA;0;12;6;130751.649;ISL;926.7021344;NA;249.8081548;2506.565464;-7.288634373;110.0767031
Juan_Fernandez_Is.;America_S;Chile;211;10;0;0;NA;2;9;NA;151.6567388;ISL;0;12526.56;153.7276995;997.1079812;-33.66269944;-79.537658
Kamchatka;Asia_Temp;Russia;NA;NA;NA;NA;NA;1;7;NA;464212.6016;MAINL;0.77765606;18744;-52.51081282;600.9401171;58.92828799;163.0080135
Kansas;America_N;USA;543;NA;0;3;6;5;6;9;211979.7519;MAINL;12.63162911;40381;123.7823513;705.6523528;38.48363463;-98.36925056
Kazakhstan;Asia_Temp;Kazakhstan;NA;NA;0;0;19;3;8;1;2723317.355;MAINL;5.548549188;11130.72;56.7741934;250.6965338;48.16004423;67.30130123
Kerguelen;Antarctic;France;67;NA;NA;NA;NA;1;8;NA;7463.948507;ISL;0;31299.3;36.40015055;781.3949567;-49.28875156;69.47951572
Kenya;Africa;Kenya;145;6;0;4;14;8;8;3;581885.1525;MAINL;52.52424343;1143.73;242.2127309;604.690329;0.529779858;37.85786204
Kermadec_Is.;Australasia;New_Zealand;NA;6;NA;NA;0;10;2;1;50.05668247;ISL;0;NA;190.2878788;1530.30303;-29.28166036;-177.9154558
Kirgizstan;Asia_Temp;Kyrgyzstan;74;1;NA;NA;11;1;7;1;199585.7994;MAINL;25.08822503;1889.67;10.36199428;422.5757571;41.46490869;74.55549193
Khabarovsk;Asia_Temp;Russia;401;NA;NA;NA;NA;1;8;NA;822718.6425;MAINL;1.947556455;15510.6;-60.733204;614.8229605;54.58518626;137.129087
North_Korea;Asia_Temp;Korea._Democratic_People's_Republic_of;71;1;NA;NA;1;2;5;NA;122292.1626;MAINL;173.8535684;1800;57.84565258;1005.233506;40.1428471;127.1805274
South_Korea;Asia_Temp;Korea._Republic_of;270;6;0;1;9;2;5;1;97981.29145;MAINL;458.936908;26613.77;112.7735092;1320.17272;36.36769685;127.8293332
Krasnoyarsk;Asia_Temp;Russia;73;NA;NA;NA;NA;0;7;NA;2351459.104;MAINL;1.571259901;15062;-98.29976743;401.2228438;66.84088675;95.86563691
Kriti;Europe;Greece;NA;7;NA;NA;NA;1;15;7;8611.403546;ISL;67.32955513;NA;165.0415208;763.510136;35.24379017;24.94808966
Krym;Europe;Ukraine;NA;NA;NA;NA;NA;3;9;NA;25627.65307;MAINL;92.61922707;4360.94;110.118324;481.0666415;45.27482524;34.3248095
Kentucky;America_N;USA;839;1;0;1;6;9;7;9;104139.627;MAINL;38.75346852;33480;129.1585069;1222.560034;37.52748969;-85.28771942
Kuril_Is.;Asia_Temp;Russia;59;NA;NA;NA;NA;1;9;NA;10653.35917;ISL;1.882265278;NA;22.8271911;1325.399328;46.9490112;150.7974815
Kuwait;Asia_Temp;Kuwait;NA;6;0;1;NA;5;6;NA;16809.79542;MAINL;112.1391339;NA;247.9431924;108.7464995;29.34250656;47.59352635
Kazan-retto;Asia_Temp;Japan;NA;NA;NA;NA;0;0;0;NA;41.14486591;ISL;11.36117188;NA;243.0185185;1348.944444;24.93904505;141.3086087
Labrador;America_N;Canada;130;NA;NA;NA;NA;3;7;NA;287353.2556;MAINL;0.096100834;33941.54;-33.24186547;895.6959442;54.28513132;-61.95852761
Laos;Asia_Trop;Lao_People's_Democratic_Republic;204;3;NA;NA;12;2;6;4;229922.2451;MAINL;24.39432866;1122.9;228.3428699;1888.880755;18.50244318;103.7634132
Liberia;Africa;Liberia;141;2;NA;NA;NA;2;6;NA;96025.80743;MAINL;31.82445837;326.6;255.9805377;2690.574377;6.448116623;-9.307850737
Lebanon;Asia_Temp;Lebanon;NA;9;0;0;2;0;3;NA;10215.0088;MAINL;318.6351258;8763.8;149.8522188;822.9433436;33.92037359;35.8880822
Syria;Asia_Temp;Syria;NA;3;NA;NA;8;2;2;NA;187959.2749;MAINL;89.68155319;739.7;177.7160434;258.9094105;35.01306426;38.50585009
Libya;Africa;Libya;147;4;0;2;NA;0;3;NA;1617575.828;MAINL;3.245395631;12378.5;216.7169977;31.05514982;27.04405009;18.02318175
Laccadive_Is.;Asia_Trop;India;28;1;NA;NA;NA;1;0;NA;60.50763397;ISL;497.4902336;3477;276.44;1755.84;9.907591042;72.88334886
Antigua-Barbuda;America_S;Antigua_and_Barbuda;67;17;3;2;4;8;11;1;543.4432555;ISL;131.1749435;13017.3;264.1210762;1029.77429;17.280137;-61.79112759
Anguilla;America_S;Anguilla;29;8;1;4;NA;4;6;NA;94.67631405;ISL;109.1028438;19478;270.1551724;974.9568966;18.22423294;-63.05795609
Aves_I.;America_S;Aves_I.;NA;NA;NA;NA;NA;0;2;NA;0.735667398;ISL;0;NA;267;1261;15.70267786;-63.63770959
British_Virgin_Is.;America_S;British_Virgin_Islands;246;12;2;1;NA;3;10;NA;158.0888086;ISL;78.08633723;NA;261.0808081;1116.777778;18.50995704;-64.48189202
Guadeloupe;America_S;Guadeloupe;17;20;3;4;NA;13;9;NA;1683.878128;ISL;219.9275641;NA;247.9530562;1943.055746;16.20471476;-61.52963332
Montserrat;America_S;Montserrat;191;13;1;1;NA;3;6;2;115.1302576;ISL;31.97494958;11650;251.8142857;1753.628571;16.73575969;-62.18692145
Netherlands_Leeward_Is.;America_S;Sint_Maarten;35;1;NA;NA;NA;5;13;NA;82.86498964;ISL;367.1594593;NA;267.15;1072.02;17.85982296;-63.03120108
St._Kitts-Nevis;America_S;Saint_Kitts_and_Nevis;44;14;2;2;NA;3;9;6;294.6042348;ISL;122.5245031;13227;256.8842975;1398.391185;17.26585656;-62.69617397
St._Martin-St._Barthelemy;America_S;Saint_Barthelemy;29;7;1;1;NA;2;11;NA;86.9364308;ISL;367.9595641;31299.3;268.9099099;1026.279279;18.02520131;-62.98530669
Virgin_Is.;America_S;US_Virgin_Islands;284;23;1;3;2;17;13;8;355.3588222;ISL;255.6126902;41376;260.9076212;1121.621247;17.96788989;-64.78692721
Lesotho;Africa;Lesotho;206;1;NA;NA;4;4;6;NA;30539.12744;MAINL;58.32062067;1078.83;115.2778592;753.1686697;-29.58100531;28.24284307
Kiribati_Line_Is.;Pacific;Kiribati;132;10;0;2;2;1;6;NA;610.136541;ISL;5.910507088;1539.1;277.8765778;1062.981767;0.852244772;-157.1849743
U.S._Line_Is.;Pacific;US_Pacific;NA;12;NA;NA;NA;0;2;NA;9.355937353;ISL;0;NA;280;1261.272727;-0.385953271;-160.0276901
Louisiana;America_N;USA;927;35;3;3;7;7;7;19;119140.0896;MAINL;37.49380857;38373;189.1394661;1465.557815;31.07581713;-92.01956256
Bali;Asia_Trop;Indonesia;NA;6;NA;NA;NA;0;7;2;5660.239358;ISL;527.6530518;NA;238.1416804;2021.737756;-8.366041519;115.1440484
East_Timor;Asia_Trop;East_Timor;NA;NA;2;4;5;3;18;NA;30634.12995;ISL;70.57306539;NA;246.6236299;1521.582925;-9.322319514;125.0088433
Lesser_Sunda_Is.;Asia_Trop;Indonesia;NA;8;NA;NA;NA;10;27;NA;68854.49732;ISL;93.72024485;NA;245.1601671;1789.014748;-8.348555668;122.8734927
Magadan;Asia_Temp;Russia;222;NA;NA;NA;NA;1;5;NA;1179713.014;MAINL;0.276485645;NA;-114.8924469;323.7297957;65.14920159;128.5394239
Maine;America_N;USA;889;2;1;0;3;6;9;14;84028.45905;MAINL;14.77192937;38087;47.23646875;1070.016143;45.39587882;-69.22759999
Manitoba;America_N;Canada;366;NA;NA;NA;1;4;7;2;650447.9044;MAINL;1.771600081;33713;-26.28237176;476.1635799;54.92648933;-97.43005757
Macquarie_Is.;Antarctic;Macquarie_Is.;NA;NA;NA;NA;NA;9;0;NA;128.2713251;ISL;0;32602;43.62992126;955.3740157;-54.61329532;158.8921676
Massachusetts;America_N;USA;1496;5;1;2;6;7;10;21;21054.9405;MAINL;295.7174818;53152;84.46192909;1167.199559;42.25862899;-71.80907678
Mauritius;Africa;Mauritius;31;35;2;15;15;23;12;NA;2055.545627;ISL;554.8621203;7772.1;224.5760657;1823.39695;-20.19562027;57.55521154
Mozambique_Channel_Is.;Africa;Mozambique;NA;7;NA;NA;NA;0;0;NA;14.97029659;ISL;0;NA;265.0588235;1006.823529;-14.52701329;44.84032317
Marcus_I.;Pacific;Japan;NA;8;NA;NA;NA;0;0;NA;6.701067493;ISL;0;NA;256;1006;24.30723325;153.9526794
Madagascar;Africa;Madagascar;517;44;2;7;26;4;16;7;592996.4101;ISL;27.15092265;414.1;228.8273005;1383.706731;-19.37352737;46.70598974
Madeira;Africa;Portugal;800;16;3;3;1;4;11;10;825.15434;ISL;276.6422416;19785.7;155.279965;664.5371829;32.76736726;-16.94699093
Maldives;Asia_Trop;Maldives;NA;1;1;2;1;0;7;NA;140.4571078;ISL;160.1542272;7013.4;274.9125;2018.65;3.371680936;73.25213838
Michigan;America_N;USA;1082;1;1;1;7;11;8;11;250782.2571;MAINL;39.85455288;35965;63.32148281;811.743222;44.88051006;-85.7362084
Minnesota;America_N;USA;613;NA;NA;NA;9;8;6;10;225023.2056;MAINL;22.01075602;44340;47.41236792;674.2397836;46.34787407;-94.1991062
Mali;Africa;Mali;53;NA;NA;NA;NA;1;6;NA;1252282.227;MAINL;9.32872818;870.49;282.5922535;309.9140943;17.35036278;-3.524352079
Malawi;Africa;Malawi;50;NA;NA;NA;5;0;9;NA;118523.8657;MAINL;96.77526102;481.42;220.5144027;1090.510885;-13.21511579;34.30698695
Peninsular_Malaysia;Asia_Trop;Malaysia;218;9;NA;NA;NA;8;10;2;131596.7961;MAINL;134.2172937;NA;257.6307827;2551.56715;4.039530302;102.1715693
Singapore;Asia_Trop;Singapore;221;8;1;6;77;33;9;NA;555.4440484;ISL;6193.555677;46596.7;268.8828968;2405.918336;1.351180381;103.8076536
Montana;America_N;USA;584;NA;1;0;9;8;10;3;381003.2318;MAINL;2.384598577;36316;51.37654007;417.0446556;47.03479245;-109.6239835
Maluku;Asia_Trop;Indonesia;NA;11;NA;NA;NA;10;18;6;59736.04287;ISL;21.75069102;NA;250.7849944;2226.01574;-1.420618756;127.9904995
Mongolia;Asia_Temp;Mongolia;NA;NA;NA;NA;2;1;6;NA;1562952.752;MAINL;1.601155083;3522.56;-1.066777115;196.6763285;46.83520929;103.083029
Morocco;Africa;Morocco;410;12;0;2;18;0;4;2;403129.4027;MAINL;71.13838112;3621.14;170.7926785;318.5686151;31.88356133;-6.31780089
Spanish_North_African_Terr.;Africa;Spanish_North_African_Territories;NA;NA;NA;NA;NA;0;5;NA;58.50940569;MAINL;2173.447848;NA;175.195122;538.5243902;35.65940058;-4.437063903
Mozambique;Africa;Mozambique;502;3;0;1;1;4;6;2;786425.4577;MAINL;22.48686463;755;239.4749024;989.9436755;-17.26020232;35.55224706
Marion-Prince_Edward_Is.;Antarctic;South_Africa;12;NA;NA;NA;NA;1;1;NA;338.046983;ISL;0;NA;42.57465278;2481.222222;-46.85955871;37.76015675
Guam;Pacific;Guam;833;30;5;6;2;9;10;2;578.6663532;ISL;257.8003996;41376;267.5902579;2351.018625;13.44403107;144.7758568
Northern_Marianas;Pacific;Northern_Mariana_Islands;372;29;1;5;2;7;9;NA;613.9767001;ISL;100.9820286;13600;260.1830239;1941.438992;16.25570463;145.5878321
Marquesas;Pacific;French_Polynesia;720;27;NA;NA;NA;5;8;5;1086.533296;ISL;6.548329287;NA;280;1354.423888;-9.365536166;-139.5863238
Marshall_Is.;Pacific;Marshall_Islands;87;17;0;4;1;1;8;9;129.2834864;ISL;22.32997669;NA;275.7597403;2860.785714;8.421679955;168.6103942
Maryland;America_N;USA;1176;7;0;2;6;8;13;10;25931.21051;MAINL;200.2899709;50789;121.938527;1075.343086;39.04679397;-76.79724029
Mississippi;America_N;USA;795;25;1;1;7;6;7;11;124047.935;MAINL;22.85147929;32190;173.298727;1454.101323;32.75582597;-89.67327133
Missouri;America_N;USA;891;4;0;1;7;8;6;8;180418.4312;MAINL;31.24129255;38125;124.3107663;1040.029587;38.37437865;-92.49049605
Mauritania;Africa;Mauritania;84;NA;0;3;NA;1;6;NA;1038476.244;MAINL;2.535624507;1201.8;276.5105399;91.10892999;20.25990345;-10.33225759
Mexico_Distrito_Federal;America_N;Mexico;76;4;0;0;3;10;6;NA;1340.683588;MAINL;6141.507871;8286.94;138.7204819;926.7277108;19.27289093;-99.1287943
Mexico_State;America_N;Mexico;104;2;0;0;11;8;6;1;21611.78953;MAINL;622.6249155;8286.94;155.1255047;967.193435;19.36016639;-99.63188737
Morelos;America_N;Mexico;66;8;0;3;11;7;6;NA;5001.573226;MAINL;367.3793586;8380;217.5571405;957.57562;18.75832012;-99.07010981
Puebla;America_N;Mexico;93;1;0;1;7;4;6;NA;34229.46785;MAINL;143.1588751;7866;183.9915136;1022.851949;19.00092067;-97.88545764
Tlaxcala;America_N;Mexico;39;2;0;0;2;4;6;NA;4091.477953;MAINL;338.3302056;6221;137.8348787;753.5176563;19.41546267;-98.13974237
Aguascalientes;America_N;Mexico;28;1;0;0;5;2;6;NA;5598.890215;MAINL;169.5926364;12449;170.9472415;543.4631967;22.01122575;-102.3623764
Coahuila;America_N;Mexico;56;1;1;0;13;6;8;2;150583.4654;MAINL;13.65768574;15162;199.2801357;339.5828732;27.30685243;-102.0336915
Chihuahua;America_N;Mexico;66;1;0;0;12;5;7;1;247607.1088;MAINL;12.69170568;11682;163.7460799;454.8538667;28.80285297;-106.4443395
Durango;America_N;Mexico;52;NA;1;2;8;5;6;NA;120400.294;MAINL;14.60395313;10306;171.2475272;632.6216537;24.93494206;-104.920038
Guanajuato;America_N;Mexico;57;4;0;0;8;3;6;NA;30389.18443;MAINL;154.4325655;9607;179.9183759;648.0659575;20.89378567;-101.0210804
Hidalgo;America_N;Mexico;61;16;0;1;13;4;6;1;21194.78304;MAINL;101.4087253;7824;171.0783965;915.2448423;20.47097878;-98.87119546
Nuevo_Leon;America_N;Mexico;72;7;1;1;14;5;7;NA;65058.66325;MAINL;60.6619272;21620.74;206.7337721;548.4742563;25.57799528;-99.95925882
Queretaro;America_N;Mexico;58;3;0;2;5;4;6;NA;12067.03606;MAINL;114.9967484;13624.14;181.748873;733.075842;20.84527276;-99.84580705
San_Luis_Potosi;America_N;Mexico;65;6;1;1;9;5;6;2;63979.20346;MAINL;37.29585195;9903.81;195.2161427;620.0700746;22.61555664;-100.4381633
Tamaulipas;America_N;Mexico;77;13;1;2;13;7;7;2;79347.21984;MAINL;34.92362784;12718;229.4656545;749.1693217;24.29725009;-98.62172897
Zacatecas;America_N;Mexico;51;NA;1;0;3;3;6;NA;74818.41551;MAINL;18.47609142;8200;172.0846912;457.5334938;23.30936554;-102.6996886
Veracruz;America_N;Mexico;124;24;1;2;8;4;8;4;71169.47337;MAINL;104.3691465;8284;238.9120103;1714.279736;19.37738436;-96.405429
Guadalupe_I.;America_N;Mexico;NA;NA;0;0;NA;2;1;NA;317.6785878;ISL;0;11940;156.9904306;141.6698565;29.05807508;-118.3091269
Rocas_Alijos;America_N;Mexico;NA;NA;0;0;NA;0;0;NA;0.026504449;ISL;0;NA;203;85;24.95248844;-115.7498277
Revillagigedo_Is.;America_N;Mexico;47;1;0;0;NA;1;7;NA;227.5279258;ISL;0;NA;237.2614841;291.3922261;18.77973887;-111.4100739
Baja_California;America_N;Mexico;NA;6;2;0;16;12;7;5;72476.27598;MAINL;34.07581879;11540.14;180.1752078;182.3680312;30.54739874;-115.0786762
Baja_California_Sur;America_N;Mexico;NA;5;2;2;5;4;7;4;72116.56447;MAINL;5.535109639;12689;212.8628457;163.5871693;25.91951902;-112.0439746
Sinaloa;America_N;Mexico;59;7;0;2;7;4;6;1;57566.03125;MAINL;44.66787448;10247;238.9089879;770.5385196;25.02149419;-107.48362
Sonora;America_N;Mexico;63;6;2;0;12;5;8;3;180650.6786;MAINL;12.512614;12928;210.0347477;382.6518718;29.71215807;-110.816409
Colima;America_N;Mexico;42;1;0;1;2;2;6;2;5749.713996;MAINL;96.12377535;11467;247.578046;972.8843346;19.13757732;-103.9175546
Guerrero;America_N;Mexico;57;13;0;2;9;2;6;2;64436.60161;MAINL;49.26242453;5888;241.823723;1237.053511;17.66720265;-99.90256068
Jalisco;America_N;Mexico;95;12;0;2;9;3;6;NA;79621.59556;MAINL;83.95925234;11486;199.1021029;926.8124943;20.59876629;-103.6219003
Michoacan;America_N;Mexico;92;4;0;1;14;3;6;NA;59405.22433;MAINL;70.31833823;7416;212.5935578;994.9836155;19.21129264;-101.8797259
Nayarit;America_N;Mexico;49;7;0;1;7;4;7;4;27510.63008;MAINL;NA;7347;222.3224232;1135.777848;21.84691881;-104.9188405
Oaxaca;America_N;Mexico;166;5;0;2;9;3;6;3;92409.27888;MAINL;37.83728715;5479;213.6869786;1421.529268;16.95950336;-96.43151589
Campeche;America_N;Mexico;53;5;0;3;6;2;6;1;50102.1149;MAINL;13.43684078;84158;259.6329249;1268.653196;18.87271414;-90.43363975
Chiapas;America_N;Mexico;92;13;0;1;8;3;6;2;73487.14665;MAINL;55.42591295;5130;231.8605505;2012.069139;16.4988661;-92.46536864
Quintana_Roo;America_N;Mexico;41;18;0;3;1;2;6;2;51073.47375;MAINL;16.33557963;14307;256.1179918;1201.750194;19.55871322;-88.2542752
Tabasco;America_N;Mexico;47;13;0;3;9;2;6;3;24006.65869;MAINL;76.28723879;22159;262.9343851;2116.222154;17.94567288;-92.57568966
Yucatan;America_N;Mexico;54;15;0;4;1;3;6;4;37880.7742;MAINL;44.50009916;9599.41;257.6894037;1025.383838;20.77846762;-88.94002484
Myanmar;Asia_Trop;Myanmar;NA;8;NA;NA;13;1;5;3;668127.9218;MAINL;70.78144798;1421.5;231.5621583;1996.044283;21.14042438;96.50882912
Namibia;Africa;Namibia;275;1;0;2;9;3;20;NA;804650.9794;MAINL;NA;4244.89;198.0679278;275.1285022;-22.23553957;17.07189693
KwaZulu-Natal;Africa;South_Africa;610;2;NA;NA;12;7;16;2;92727.65142;MAINL;NA;5835.86;178.5531449;867.8218014;-28.7085677;30.72508497
New_Brunswick;America_N;Canada;586;1;NA;NA;1;6;8;6;72841.24402;MAINL;9.812158201;29484;40.79798931;1104.562435;46.63101173;-66.37001739
North_Carolina;America_N;USA;1106;13;0;2;8;7;8;13;128224.6348;MAINL;62.48905997;36268;147.7723076;1261.171479;35.54958921;-79.38015679
Nicobar_Is.;Asia_Trop;Andaman_Nicobar;NA;4;NA;NA;NA;6;9;2;1865.892844;ISL;54.58988903;NA;270.7428311;2355.533455;7.507164884;93.60166544
Chechnya;Asia_Temp;Russia;NA;NA;NA;NA;NA;1;4;NA;15843.8175;MAINL;76.12397322;NA;91.83067131;566.4117973;43.30371203;45.76161363
Dagestan;Asia_Temp;Russia;NA;NA;NA;NA;NA;1;5;NA;49664.88229;MAINL;40.83395171;5864.24;81.00089876;484.7808172;43.02471998;46.87426751
Ingushetiya;Asia_Temp;Russia;NA;NA;NA;NA;NA;0;4;NA;3460.703089;MAINL;94.38182075;NA;77.39477977;770.2767809;43.19114596;44.90170161
Kabardino-Balkariya;Asia_Temp;Russia;NA;NA;NA;NA;NA;0;5;NA;12173.07226;MAINL;75.30049915;NA;54.28985284;771.1400297;43.49182178;43.3939595
Karacheyevo-Cherkessiya;Asia_Temp;Russia;NA;NA;NA;NA;NA;0;6;NA;14446.84595;MAINL;32.37355035;5414.41;49.58402168;859.4137412;43.75837868;41.74331547
Krasnodar;Asia_Temp;Russia;NA;NA;NA;NA;NA;3;5;NA;82931.33336;MAINL;62.66154605;11474.72;107.5161835;724.2831568;45.19493574;39.51470238
Severo-Osetiya;Asia_Temp;Russia;NA;NA;NA;NA;NA;0;4;NA;8091.460052;MAINL;91.78104609;NA;60.46185487;848.3750097;43.1044631;44.26510476
Stavropol;Asia_Temp;Russia;NA;NA;NA;NA;NA;1;7;NA;66829.26258;MAINL;42.49557154;NA;98.55579745;455.5580201;44.95141653;43.35253517
North_Dakota;America_N;USA;340;NA;NA;NA;4;7;9;5;182559.1808;MAINL;3.477335964;44435;46.17720267;437.5128027;47.44750074;-100.4594152
Nebraska;America_N;USA;486;1;1;0;6;6;7;8;200155.872;MAINL;8.674658983;40958;91.81184533;576.1917888;41.52790501;-99.79214759
Nepal;Asia_Trop;Nepal;154;3;0;0;3;1;4;1;147198.9748;MAINL;169.0265018;999.76;141.2849023;1376.588231;28.25300794;83.938516
Netherlands;Europe;Netherlands;230;1;2;3;20;10;12;17;35787.07354;MAINL;438.5309283;38189.65;92.79952834;781.9462451;52.25357257;5.600984813
Nevada;America_N;USA;431;3;3;3;15;7;10;3;286607.8625;MAINL;7.012880175;38269;91.55032641;249.1776841;39.35827474;-116.6521158
Lord_Howe_I.;Australasia;Norfolk_Island;NA;6;1;1;NA;10;4;2;12.62511595;ISL;14.20940305;41107.48;188.7777778;1531.444444;-31.55576211;159.0788283
Norfolk_I.;Australasia;Norfolk_Island;271;13;0;1;NA;11;7;3;50.57219437;ISL;31.60771366;33394.1;193.1323529;1231.470588;-29.03719883;167.9528661
Newfoundland;America_N;Canada;415;NA;NA;NA;1;3;13;6;111874.2977;ISL;4.126783519;33941.54;34.9796769;1248.653878;48.72054151;-56.02873455
St._Pierre-Miquelon;America_N;Saint-Pierre_and_Miquelon;198;NA;1;0;NA;1;2;NA;259.4455253;ISL;13.3440946;31299.3;49.65759637;1356.029478;46.92888261;-56.30527649
Nigeria;Africa;Nigeria;193;5;0;1;3;1;6;3;908619.0421;MAINL;128.523253;1929.38;264.1155218;1174.030953;9.593624582;8.105318389
Niger;Africa;Niger;37;1;NA;NA;NA;0;6;NA;1182025.788;MAINL;9.945330854;502.51;271.0273871;133.8480471;17.42632346;9.397650573
Nicaragua;America_S;Nicaragua;671;12;0;2;4;2;7;2;128124.0677;MAINL;38.47933724;2189.42;250.704637;2292.535245;12.839712;-85.03470963
Bonaire;America_S;Carribean_Netherlands;54;7;2;2;NA;4;7;NA;318.4929599;ISL;30.25247419;18090.4;274.6155844;455.7168831;12.18797808;-68.28454164
Curacao;America_S;Curacao;47;13;2;2;1;5;8;NA;473.4896825;ISL;263.7302244;20001;272.9767442;560.5796064;12.18779752;-68.96749055
Nansei-shoto;Asia_Temp;Japan;NA;30;NA;NA;20;7;14;NA;2107.888929;ISL;506.9829716;21393;225.4289377;2191.372527;25.77340565;126.6998898
Norway;Europe;Norway;595;NA;1;0;10;4;8;4;296271.9369;MAINL;13.52098862;50490.91;11.75613852;990.184788;64.47682573;14.32743333
Nauru;Pacific;Nauru;368;NA;0;1;1;1;7;NA;28.91642054;ISL;368.2351111;6233.9;277.3939394;2060.121212;-0.522073311;166.9300834
Nova_Scotia;America_N;Canada;674;1;NA;NA;1;4;8;7;55340.08893;MAINL;15.74105201;29686;57.72668151;1336.759451;45.14835243;-63.30227022
Australian_Capital_Territory;Australasia;Australia;NA;NA;0;1;7;0;12;NA;2344.606082;MAINL;136.2267838;NA;107.6135079;899.3635823;-35.50859976;148.9969681
New_South_Wales;Australasia;Australia;1820;7;1;2;17;22;18;9;802419.7366;MAINL;7.911096416;40423.15;171.4614427;574.9048596;-32.17021086;147.0127743
Northern_Territory;Australasia;Australia;172;13;1;3;5;5;18;8;1348777.592;MAINL;0.149358649;49603;248.2037405;555.8923116;-19.41428342;133.3652138
Niue;Pacific;Niue;NA;16;0;1;1;0;7;NA;252.7216972;ISL;5.523142083;33394.1;245.8608414;2037.469256;-19.05190358;-169.8685868
Nunavut;America_N;Canada;14;NA;NA;NA;0;2;7;3;1742199.849;MAINL;0.011822665;55778.09;-140.5307613;202.2473388;68.86334833;-92.41081059
New_Caledonia;Pacific;New_Caledonia;67;34;1;3;9;7;9;11;19230.99039;ISL;9.191245605;36789;218.9294103;1621.085239;-21.29461419;165.6718498
Irian_Jaya;Asia_Trop;Indonesia;NA;13;NA;NA;NA;1;11;6;411329.9141;ISL;5.287488309;3137.4;245.2595746;3074.639933;-4.037867614;137.3320658
Papua_New_Guinea;Asia_Trop;Papua_New_Guinea;NA;19;1;3;16;1;13;4;405099.9236;ISL;10.68402378;1418.9;235.4691294;3010.967719;-6.668750684;144.3719717
New_Hampshire;America_N;USA;678;2;1;0;3;8;7;7;24201.10994;MAINL;51.23440607;45272;58.09719189;1130.904529;43.68999511;-71.5792793
New_Jersey;America_N;USA;1174;3;0;3;6;7;8;14;19835.63794;MAINL;414.4451122;52981;111.6947828;1155.72696;40.18920093;-74.66262909
New_Mexico;America_N;USA;558;9;1;2;5;5;14;8;315094.9299;MAINL;5.823703988;34543;115.1007373;353.6991688;34.42306424;-106.1076877
Northwest_Territories;America_N;Canada;118;NA;NA;NA;0;2;7;3;1347862.936;MAINL;0.028487543;55778.09;-96.77011698;255.3995816;66.33106742;-118.9823435
New_York;America_N;USA;1598;6;0;3;10;11;8;18;137027.9773;MAINL;132.8922145;50347;71.33754792;1029.946285;42.99492034;-75.69458709
New_Zealand_North;Australasia;New_Zealand;NA;22;NA;NA;18;42;27;35;114622.3446;ISL;23.65780325;NA;126.732046;1613.161665;-38.57756133;175.7272178
New_Zealand_South;Australasia;New_Zealand;NA;7;NA;NA;13;37;24;21;152912.8349;ISL;5.781988509;NA;85.65126672;1682.364778;-44.02210597;170.4796022
Free_State;Africa;South_Africa;342;2;NA;NA;3;4;14;1;129989.678;MAINL;22.03897722;6721;156.5031872;579.9343102;-28.61014393;26.86433218
Ogasawara-shoto;Asia_Temp;Japan;84;28;NA;NA;4;3;8;6;76.52965603;ISL;13.11258796;NA;227.7979798;1354.79798;27.00808255;142.1178032
Ohio;America_N;USA;1137;5;0;2;8;8;6;13;116427.9552;MAINL;98.47878553;37465;101.3779881;969.6553443;40.41552797;-82.70728238
Oklahoma;America_N;USA;558;4;0;1;6;6;7;9;181143.2159;MAINL;19.18704296;36664;153.788874;864.9767103;35.58437196;-97.50981445
Oman;Asia_Temp;Oman;40;13;0;2;3;11;5;NA;308968.624;MAINL;7.797801359;20922.7;263.164656;59.29730571;20.60235556;56.11008523
Ontario;America_N;Canada;1108;2;0;1;11;7;11;15;1076067.236;MAINL;10.78885215;38361;5.156799204;729.0453371;50.07309622;-85.83256685
Oregon;America_N;USA;1118;1;1;2;6;10;14;14;251328.5376;MAINL;13.62377372;37625;76.1216451;779.755103;43.94031794;-120.5408757
Pakistan;Asia_Trop;Pakistan;NA;5;0;1;10;1;1;2;795109.3016;MAINL;177.911361;2025.75;222.7232041;260.9174479;29.35662228;68.78919432
Israel;Asia_Temp;Israel;167;16;0;1;14;9;5;3;26977.36718;MAINL;338.8136004;23227.2;199.0231088;305.886707;31.48781564;35.02148317
Jordan;Asia_Temp;Jordan;NA;NA;0;0;7;5;3;NA;89206.6832;MAINL;55.63044078;4469.07;182.8914112;105.9848936;31.2533825;36.7869267
Panama;America_S;Panama;96;12;2;5;14;4;7;15;74530.63985;MAINL;39.05574282;10188.04;250.7152355;2565.35443;8.505429137;-80.10899702
Paraguay;America_S;Paraguay;NA;6;0;1;1;1;8;11;398813.8905;MAINL;13.71364015;3768.36;234.0574648;1080.769926;-23.23612805;-58.39095073
Prince_Edward_I.;America_N;Canada;407;1;NA;NA;1;5;7;2;5995.178218;ISL;21.66761567;27838;55.72498264;1107.64941;46.39620383;-63.24493637
Pennsylvania;America_N;USA;1404;4;0;3;7;8;8;16;118994.6702;MAINL;103.7613023;42067;88.63382102;1057.625358;40.89843684;-77.83950118
Peru;America_S;Peru;360;10;0;1;13;5;10;15;1290870.482;MAINL;19.70234443;7410.98;191.9370442;1560.540029;-9.163772192;-74.37540458
Philippines;Asia_Trop;Philippines;628;21;4;3;42;11;14;5;294706.1884;ISL;246.7037795;3193.63;254.6001803;2549.590033;11.74740395;122.873632
Phoenix_Is.;Pacific;Kiribati;51;6;NA;NA;NA;0;7;2;90.66698634;ISL;0.362413411;NA;284.9357798;734.4311927;-3.419467314;-171.7279731
Pitcairn_Is.;Pacific;French_Polynesia;95;9;0;1;NA;0;2;1;53.63997858;ISL;1.25024456;23583;211.173913;1435;-24.505797;-128.44279
Poland;Europe;Poland;386;1;0;2;22;3;12;12;311693.8266;MAINL;123.6752676;16700.9;76.14066704;595.9208902;52.12472508;19.4009187
Portugal;Europe;Portugal;254;9;2;3;18;5;7;12;88595.15551;MAINL;107.4681613;19785.7;149.5182443;845.5987596;39.69200296;-7.962367688
Primorye;Asia_Temp;Russia;NA;NA;NA;NA;NA;1;7;2;164935.5234;MAINL;10.36008321;NA;20.97360794;790.244715;45.16706365;134.7137746
Puerto_Rico;America_S;Puerto_Rico;795;30;6;4;42;44;13;11;9245.955584;ISL;407.6335436;26435.7;243.0822651;1794.275593;18.22091539;-66.46614558
Coral_Sea_Is._Territory;Australasia;Australia;5;NA;NA;NA;NA;1;0;NA;10.03982484;ISL;0;NA;253.2727273;1702.090909;-14.71927942;145.6634742
Queensland;Australasia;Australia;1263;22;1;4;20;12;21;15;1728807.535;MAINL;2.019356586;38735.71;228.6028642;632.8131355;-22.57378083;144.5481729
Quebec;America_N;Canada;862;4;0;1;3;7;15;22;1513232.578;MAINL;4.861969819;32322;-30.52977393;773.03591;53.38114914;-71.75499676
Reunion;Africa;Reunion;NA;33;2;13;7;25;12;4;2645.044472;ISL;270.2716158;31299.3;190.5301932;1545.843599;-21.12162946;55.53821274
Rhode_Island;America_N;USA;695;2;1;0;3;6;7;12;2727.363082;MAINL;343.1616659;43508;95.02255109;1200.856707;41.68389685;-71.55994566
Rodrigues;Africa;Rodrigues;NA;24;NA;NA;NA;8;8;NA;116.4880163;ISL;282.4662102;7772.1;238.375;1085.368056;-19.71779025;63.41351669
Romania;Europe;Romania;108;1;0;0;19;2;9;9;237375.5697;MAINL;92.42396304;9376.19;90.02732748;625.908075;45.84359796;24.96918232
Central_European_Russia;Europe;Russia;778;1;NA;NA;NA;3;11;6;852831.574;MAINL;56.92585617;NA;45.75461175;591.5810909;54.88373842;39.80245698
East_European_Russia;Europe;Russia;NA;NA;NA;NA;NA;1;9;5;735790.9937;MAINL;26.37101978;NA;23.95925289;557.406682;56.12331852;53.73073876
North_European_Russia;Europe;Russia;NA;NA;NA;NA;NA;0;6;4;1363299.211;MAINL;3.726469887;NA;-8.779949975;550.395911;64.50418421;45.85434037
South_European_Russia;Europe;Russia;NA;NA;NA;NA;NA;3;6;7;437006.3682;MAINL;25.79340618;NA;79.29203924;396.9466491;48.91779832;44.67469326
Northwest_European_Russia;Europe;Russia;302;NA;NA;NA;NA;1;8;6;195197.7656;MAINL;32.6777023;NA;40.12194272;652.903581;58.78055975;31.24102708
Rwanda;Africa;Rwanda;229;NA;NA;NA;8;0;7;NA;25142.84574;MAINL;320.6051132;526;189.8926496;1148.047881;-1.997987311;29.91719523
Sakhalin;Asia_Temp;Russia;NA;NA;NA;NA;NA;1;7;NA;75452.2833;ISL;6.756406448;18744;-4.417348239;753.9602418;50.3342599;142.7120755
American_Samoa;Pacific;American_Samoa;185;NA;1;2;4;3;6;3;229.7357124;ISL;226.0367655;41376;261.9214286;4075.496429;-14.28592649;-170.4018397
Samoa;Pacific;Samoa;81;35;0;1;4;6;7;5;2942.501964;ISL;51.10987002;3530.6;246.9166431;3737.999152;-13.7583492;-172.1594545
Sardegna;Europe;Italy;149;4;NA;NA;NA;5;23;9;24137.12352;ISL;62.06793406;28380.92;149.6457471;631.2866478;40.09088088;9.030029004
Saskatchewan;America_N;Canada;379;NA;NA;NA;4;4;9;4;651972.5001;MAINL;1.549362781;38562;-4.252332685;426.3852685;54.41922757;-105.8900548
Saudi_Arabia;Asia_Temp;Saudi_Arabia;50;21;0;2;7;11;7;NA;1954702.084;MAINL;10.85549439;19326.6;245.6916525;93.99392471;24.02338171;44.58510242
South_Carolina;America_N;USA;967;20;0;2;3;7;6;9;80532.0285;MAINL;49.70525022;33631;168.4112761;1237.850044;33.91755375;-80.90042082
Society_Is.;Pacific;French_Polynesia;1376;39;0;2;NA;15;8;8;1529.730388;ISL;107.9708321;NA;242.4505319;2046.846809;-17.45187799;-149.8832556
Paracel_Is.;Asia_Trop;Paracel_Is.;NA;NA;NA;NA;NA;0;0;NA;8.732560845;ISL;0;NA;268.3636364;1437.272727;16.65565061;112.1271278
Spratly_Is.;Asia_Trop;Spratly_Is.;NA;NA;0;0;NA;0;5;NA;14.06477456;ISL;0;NA;272;1512.25;10.73476057;115.7464323
Santa_Cruz_Is.;Pacific;Santa_Cruz_Is.;NA;NA;NA;NA;NA;0;3;NA;851.7384278;ISL;12.89778605;NA;261.6157635;4784.127094;-10.99208388;166.2240493
South_Dakota;America_N;USA;367;NA;NA;NA;6;5;7;2;198703.1041;MAINL;3.807012343;40943;73.57398357;484.3556201;44.43756367;-100.2198562
Selvagens;Africa;Portugal;15;NA;NA;NA;NA;0;7;NA;1.863877098;ISL;0;NA;193;373;30.14296023;-15.86268648
Senegal;Africa;Senegal;97;NA;0;1;NA;2;7;3;196062.5973;MAINL;51.31640118;1415.5;276.3889401;668.6095428;14.36697739;-14.46817708
Seychelles;Africa;Seychelles;425;42;1;5;3;12;9;22;328.5052288;ISL;199.2894719;10805.1;258.7279793;2225.979275;-4.70189449;55.5220677
South_Georgia;Antarctic;South_Georgia_South_Sandwich_Islands;31;NA;NA;NA;NA;2;3;NA;3614.602603;ISL;0;34266.97;-5.827701293;1606.353915;-54.35798161;-36.71862583
Malta;Europe;Malta;118;9;1;3;2;3;9;7;370.3938153;ISL;1041.779296;19694.1;183.7132075;517.7245283;35.92036651;14.40457358
Sicilia;Europe;Italy;146;6;NA;NA;NA;4;12;6;25678.43256;ISL;187.8409281;28380.92;156.522358;518.3277494;37.58920628;14.1428387
Sierra_Leone;Africa;Sierra_Leone;76;2;NA;NA;NA;1;6;2;72497.76917;MAINL;60.96810303;727.1;260.6746881;2734.658832;8.560345771;-11.79209994
Sinai;Asia_Temp;Egypt;NA;NA;NA;NA;NA;2;4;NA;56690.12904;MAINL;6.597940475;NA;188.8895149;46.36435269;29.70447198;33.7680386
South_Australia;Australasia;Australia;1211;2;0;1;8;25;27;2;983596.1206;MAINL;1.482734776;36571.53;192.2845882;230.2886108;-30.10453814;135.8267162
Socotra;Africa;Yemen;NA;8;0;2;NA;1;5;NA;3904.010936;ISL;11.38845761;NA;256.0308021;92.75465241;12.49162925;53.78351902
North_Solomons;Asia_Trop;Solomons;NA;3;NA;NA;NA;1;10;1;9525.045463;ISL;21.60948531;NA;251.372591;3421.163276;-6.151886943;155.2615488
South_Solomons;Asia_Trop;Solomons;NA;26;NA;NA;2;1;8;1;27350.18775;ISL;12.84134852;1275.7;254.6887955;3223.591795;-8.838822296;159.4055411
Somalia;Africa;Somalia;63;2;0;1;NA;3;7;1;636289.1597;MAINL;10.74649409;111;263.9504072;268.8099106;6.063705784;45.86255319
Andorra;Europe;Andorra;NA;2;0;0;NA;3;5;NA;509.2704447;MAINL;127.8003005;NA;37.56024845;1277.885714;42.54858297;1.575688328
Gibraltar;Europe;Spain;NA;NA;0;0;NA;0;7;NA;7.840114297;MAINL;3751.670915;NA;174.1333333;736.4;36.1381932;-5.344888931
Spain;Europe;Spain;454;17;5;8;26;12;17;17;493503.2149;MAINL;75.8077209;27332.01;130.3762385;613.9512769;40.39193845;-3.557131176
Sri_Lanka;Asia_Trop;Sri_Lanka;365;18;1;1;16;2;9;7;66288.51427;ISL;294.5038687;4065.56;265.1706852;1877.459435;7.612357088;80.70426571
South_Sandwich_Is.;Antarctic;South_Georgia_South_Sandwich_Islands;NA;NA;NA;NA;NA;0;0;NA;279.0789795;ISL;0;34266.97;112.6338259;3842.901478;-58.17275834;-26.65310473
St._Helena;Africa;St_Helena;252;10;0;1;NA;12;6;24;133.0307505;ISL;30.22239697;34266.97;188.3043478;628.2484472;-15.96202459;-5.717275315
Sudan;Africa;Sudan_and_South_Sudan;59;2;NA;NA;4;1;7;2;2502438.097;MAINL;13.14559987;1580.15;267.7205499;411.3825489;13.88720329;30.08706657
Sulawesi;Asia_Trop;Indonesia;NA;12;NA;NA;NA;8;17;4;186001.8044;ISL;76.24829466;3137.4;240.6997352;2140.49001;-2.104068429;121.2948301
Sumatera;Asia_Trop;Indonesia;NA;9;NA;NA;NA;3;9;2;470942.3932;ISL;91.31522687;3137.4;254.6275886;2632.501089;-0.477595217;101.6400768
Suriname;America_S;Suriname;116;6;0;6;4;0;8;3;145018.3028;MAINL;2.950965931;8321.1;263.1034357;2250.300755;4.126707567;-55.91158943
Svalbard;Europe;Norway;11;NA;0;0;NA;0;2;NA;1948.86734;ISL;0.009909523;36582.98;-56.86025708;325.1632795;78.70942796;21.70142481
Colombian_Caribbean_Is.;America_S;Colombia;NA;NA;NA;NA;NA;0;0;NA;52.76497254;ISL;952.1895553;NA;264;2261;12.88871264;-81.5591094
Honduran_Caribbean_Is.;America_S;Honduras;NA;NA;NA;NA;NA;1;5;NA;248.7178877;ISL;61.44099273;NA;264.0165563;2303.870861;16.35458791;-86.39054779
Nicaraguan_Caribbean_Is.;America_S;Nicaragua;NA;NA;NA;NA;NA;0;3;NA;55.04008796;ISL;0.656394315;NA;259.78125;2605.859375;13.67812009;-82.84125666
Sweden;Europe;Sweden;874;NA;1;0;15;4;12;6;444475.4417;MAINL;18.81613856;36132.56;22.83235444;628.601754;62.76427047;16.73783287
Switzerland;Europe;Switzerland;93;2;1;0;15;5;11;15;41507.41162;MAINL;173.3302763;39985.63;49.88114411;1330.32913;46.80257618;8.234587165
Swaziland;Africa;Swaziland;315;NA;NA;NA;6;3;11;NA;17121.72023;MAINL;58.91348132;2956.7;197.3306347;858.2579505;-26.5621158;31.49719338
Taiwan;Asia_Temp;Taiwan;607;19;3;7;30;32;9;5;36163.45679;ISL;584.4356559;26692.99;191.45637;2509.290953;23.74833247;120.9594018
Tanzania;Africa;Tanzania;157;11;0;2;11;11;15;2;941388.8231;MAINL;36.5524744;1177.7;224.9667575;979.6588725;-6.270196782;34.8234036
Tasmania;Australasia;Australia;861;1;0;1;8;22;21;5;68502.9534;ISL;6.483922721;32602;102.7549489;1313.050604;-41.94278479;146.6009979
Turks-Caicos_Is.;America_S;Turks-Caicos_Is.;NA;8;1;2;NA;2;9;NA;420.1356526;ISL;27.00611355;29100;259.4878505;681.6448598;21.80869292;-71.88207917
Abkhaziya;Asia_Temp;Russia;NA;NA;NA;NA;NA;0;5;NA;8625.881598;MAINL;25.88539733;NA;91.04581876;1278.731643;43.10432783;41.16319249
Adzhariya;Asia_Temp;Russia;NA;NA;NA;NA;NA;0;5;NA;2840.316896;MAINL;125.3547395;NA;82.7420375;1257.821775;41.64557979;42.09099546
Armenia;Asia_Temp;Armenia;NA;1;0;1;7;0;7;NA;29667.55452;MAINL;103.8698019;3124.8;61.29915116;509.1055086;40.28641688;44.94793424
Azerbaijan;Asia_Temp;Azerbaijan;NA;NA;NA;NA;3;1;8;8;76300.99464;MAINL;97.67039932;5842.8;121.3608999;460.4278458;40.38015597;47.71281698
Gruziya;Asia_Temp;Georgia;NA;1;NA;NA;3;0;8;9;58480.02229;MAINL;70.44910878;NA;74.86356242;919.277002;42.06279154;43.93943288
Nakhichevan;Asia_Temp;Russia;NA;NA;NA;NA;NA;0;6;NA;5212.700596;MAINL;NA;NA;103.422296;349.4968714;39.30645311;45.50028018
Nagorno_Karabakh;Asia_Temp;Russia;NA;NA;NA;NA;NA;0;5;NA;4405.839889;MAINL;50.71167472;NA;102.4324001;532.0306932;39.91509043;46.76853528
Tristan_da_Cunha;Antarctic;Saint_Helena._Ascension_and_Tristan_da_Cunha;83;NA;NA;NA;NA;0;9;NA;170.9524421;ISL;0.534221399;34266.97;105.6733068;2516.023904;-38.66545462;-11.15734365
Tennessee;America_N;USA;725;9;NA;NA;8;6;8;9;108939.1969;MAINL;52.35077706;36179;139.6975207;1356.456803;35.85105204;-86.34752902
Texas;America_N;USA;1025;35;0;10;20;10;23;24;684967.6109;MAINL;30.37696898;39107;181.1072969;693.4768881;31.49694154;-99.35743679
Thailand;Asia_Trop;Thailand;251;9;1;2;21;4;10;2;512815.4694;MAINL;118.8494101;8065.57;261.2177553;1496.422721;15.11989714;101.0149076
Turkmenistan;Asia_Temp;Turkmenistan;NA;1;NA;NA;14;1;3;NA;471713.2513;MAINL;11.13057213;9828.7;153.0520086;164.3353816;39.12222047;59.38352408
Togo;Africa;Togo;63;1;NA;NA;1;1;6;1;57126.00028;MAINL;93.42885717;725.43;267.5703107;1190.271109;8.534930227;0.975834462
Manihiki_Is.;Pacific;Tokelau;NA;NA;NA;NA;NA;0;3;1;41.49266786;ISL;0.816812582;NA;275.9166667;2343.520833;-10.01152082;-160.7717125
Swains_I.;Pacific;Tokelau;NA;NA;NA;NA;NA;0;2;NA;2.871268367;ISL;0;41376;273.3333333;3417.333333;-11.05707075;-171.0778244
Tokelau;Pacific;Tokelau;NA;18;0;0;NA;0;5;NA;20.06541007;ISL;7.005072097;NA;274;3390;-9.086910117;-171.8321965
Tonga;Pacific;Tonga;301;26;0;4;1;7;8;1;776.1979496;ISL;102.5802047;3552.6;240.5635988;1841.566701;-19.98207653;-174.8245319
Trinidad-Tobago;America_S;Trinidad_Tobago;NA;19;1;5;5;16;8;5;5029.539332;ISL;239.0854312;15494.7;257.59078;2071.612995;10.46836429;-61.25263722
Tuamotu;Pacific;French_Polynesia;461;31;NA;NA;NA;0;8;3;288.2262334;ISL;7.576402051;NA;256.3812317;1565.510264;-16.02348622;-145.2654942
Tubuai_Is.;Pacific;French_Polynesia;590;28;NA;NA;NA;2;5;NA;98.86497111;ISL;35.33960119;NA;228.3821138;1993.861789;-23.09392209;-150.0686054
Turkey-in-Europe;Europe;Turkey;94;NA;NA;NA;NA;1;4;4;23840.2036;MAINL;331.5325303;NA;131.5849077;643.0284065;41.26119862;27.29964162
Tunisia;Africa;Tunisia;225;5;0;0;8;1;7;1;155382.2053;MAINL;59.35734291;5667.38;191.1699127;224.5841494;34.11124296;9.561555724
Turkey;Asia_Temp;Turkey;NA;15;0;2;22;2;3;13;756175.6638;MAINL;78.45847775;8158.76;107.1226859;592.5966261;38.98893748;35.43587039
Tuvalu;Pacific;Tuvalu;NA;3;0;0;1;0;7;NA;52.80625145;ISL;16.1563744;3238.5;281.6119403;3206.746269;-7.587359998;178.2011101
Tuva;Asia_Temp;Russia;17;NA;NA;NA;NA;0;6;NA;169687.1046;MAINL;1.744364241;5911;-61.61755618;427.7214264;51.57947047;94.79308741
Gauteng;Africa;South_Africa;443;1;NA;NA;5;4;12;1;18644.01726;MAINL;467.6977806;8659.27;165.1937655;688.2288192;-26.04487372;28.20949518
Mpumalanga;Africa;South_Africa;450;2;NA;NA;6;4;11;2;78137.1902;MAINL;43.32264391;8659.27;170.7046383;774.9155334;-25.86622788;30.23675351
Northern_Province;Africa;South_Africa;398;1;NA;NA;2;3;13;1;122675.9419;MAINL;41.58203305;8659.27;201.493794;585.9278355;-23.73706646;29.31288493
North-West_Province;Africa;South_Africa;NA;1;NA;NA;2;5;12;1;116273.3392;MAINL;32.35519839;8659.27;181.0600735;511.6592026;-26.31902921;25.33606579
Tadzhikistan;Asia_Temp;Tadzhikistan;NA;NA;1;0;NA;0;4;NA;142386.8061;MAINL;43.07196431;739.7;24.7126287;560.7269092;38.52781577;71.04218428
Uganda;Africa;Uganda;68;NA;NA;NA;9;2;6;2;242066.483;MAINL;100.5799848;963.93;224.7128911;1195.680985;1.28008215;32.38624065
Moldova;Europe;Republic_of_Moldova;186;NA;0;0;1;2;9;1;33693.34424;MAINL;125.5054339;3845.6;93.29079578;554.1596764;47.19332561;28.47434317
Ukraine;Europe;Ukraine;626;2;0;3;2;4;11;7;572111.8916;MAINL;81.24009111;5889.9;79.68235221;572.1903657;49.17189131;31.26554566
Uruguay;America_S;Uruguay;189;1;1;2;2;4;10;5;177842.9144;MAINL;18.69174685;8618.89;175.231734;1219.897915;-32.79956891;-56.01217767
Utah;America_N;USA;644;3;3;4;4;6;10;7;219981.5241;MAINL;10.21649728;33688;81.9731337;318.4350302;39.32520384;-111.6746324
Uzbekistan;Asia_Temp;Uzbekistan;NA;1;NA;NA;35;2;6;NA;446706.5402;MAINL;54.9787471;1906.57;124.2907666;194.8746142;41.75042059;63.16950908
Vanuatu;Pacific;Vanuatu;NA;17;1;3;2;7;5;7;12697.70371;ISL;13.56746434;2965.8;237.4869571;2620.042203;-16.20215409;167.7055728
Venezuela;America_S;Venezuela;101;18;2;4;6;3;9;15;910220.4241;MAINL;26.19574062;8124.9;255.971538;1940.867732;7.118817222;-66.16904087
Vermont;America_N;USA;780;1;NA;NA;5;6;8;7;24701.95748;MAINL;24.2587166;41580;54.93515247;1078.700118;44.08247962;-72.65980015
Victoria;Australasia;Australia;1269;3;NA;NA;15;21;18;4;227725.3026;MAINL;20.03256514;38288.33;137.9594381;703.7379527;-36.85746645;144.3078569
Vietnam;Asia_Trop;Vietnam;NA;11;0;1;15;1;7;2;325521.8172;MAINL;235.493724;2429.56;234.3120311;1794.360633;16.65164518;106.3040302
Venezuelan_Antilles;America_S;Venezuela;NA;3;NA;NA;NA;1;9;NA;1401.407265;ISL;NA;NA;273.9753902;501.6188475;11.05814757;-64.34912638
Virginia;America_N;USA;1065;8;0;4;2;8;10;13;103882.5701;MAINL;67.95468331;45862;126.8367627;1090.134207;37.52180057;-78.82589678
Wake_I.;Pacific;US_Pacific;NA;4;NA;NA;NA;0;2;NA;19.5332814;ISL;0;NA;267;879.0909091;19.30151617;166.638191
Wallis-Futuna_Is.;Pacific;Wallis_Futuna;NA;18;1;1;3;0;4;NA;166.3432626;ISL;56.98356405;NA;266.2574257;3268.287129;-13.78426596;-177.1439709
Washington;America_N;USA;1083;6;2;2;6;12;14;15;174445.9904;MAINL;32.41466113;44123;75.82298874;1023.755226;47.38672446;-120.4312306
Ashmore-Cartier_Is.;Australasia;Australia;6;NA;NA;NA;NA;0;0;NA;0.580758329;ISL;0;NA;271;1221;-12.2740736;122.9686152
Western_Australia;Australasia;Australia;1147;14;1;2;10;18;26;7;2527723.999;MAINL;0.707458022;56521.66;223.2352726;335.2161428;-25.46607155;122.1782044
District_of_Columbia;America_N;USA;551;4;0;1;3;4;6;8;160.0196315;MAINL;3617.940591;73257;129.9327731;1042.932773;38.91161047;-77.00958958
Himachal_Pradesh;Asia_Trop;India;571;7;NA;NA;NA;0;6;NA;55167.33231;MAINL;110.7376566;4844;85.16395823;1102.09621;31.91191756;77.25169639
Jammu-Kashmir;Asia_Trop;India;339;7;NA;NA;NA;1;1;NA;187674.2215;MAINL;74.76494016;NA;11.85213093;383.7441075;34.53843846;75.83898112
Uttaranchal;Asia_Trop;India;337;1;NA;NA;NA;1;2;NA;50883.88154;MAINL;138.1591189;2051.13;122.8198694;1427.695416;30.17093669;79.26128662
Barbados;America_S;Barbados;91;23;2;3;1;7;8;4;447.9380854;ISL;559.1887816;15854.4;255.8534323;1350.152134;13.17879902;-59.56212696
Dominica;America_S;Dominica;81;12;1;4;1;4;8;1;764.9723038;ISL;89.44427868;6926.8;238.1280947;2599.263724;15.43661252;-61.35549385
Grenada;America_S;Grenada;24;12;1;5;1;2;11;2;413.4923928;ISL;257.2433877;7366.6;261.5315682;2004.319756;12.16251573;-61.65003909
Martinique;America_S;Martinique;144;15;4;4;5;14;8;1;1150.177997;ISL;302.7829313;31299.3;248.2460432;2298.798561;14.6527742;-61.02147382
St._Lucia;America_S;Saint_Lucia;101;12;2;4;3;4;11;1;636.6939578;ISL;234.1481636;7059.6;249.7464052;2059.80915;13.89811518;-60.96869084
St._Vincent;America_S;Saint_Vincent_and_the_Grenadines;97;12;NA;NA;NA;3;6;6;390.726997;ISL;232.1378;6233;247.0751073;2349.075107;13.20205468;-61.20753009
Wisconsin;America_N;USA;857;NA;NA;NA;8;8;9;9;169707.1265;MAINL;31.87636622;39602;61.40086924;808.2122342;44.64217154;-89.73838902
Western_Sahara;Africa;W_Sahara;NA;NA;NA;NA;NA;0;6;NA;269093.3086;MAINL;1.412610986;3621.14;222.2369106;38.91449438;24.6615821;-13.13671746
West_Siberia;Asia_Temp;Russia;116;NA;NA;NA;NA;0;10;NA;2499931.373;MAINL;8.999615963;NA;-31.92443104;471.0535043;61.75671889;72.8366824
West_Virginia;America_N;USA;774;NA;NA;NA;4;6;7;6;62522.66016;MAINL;28.88193943;33196;105.3704657;1142.703713;38.64123998;-80.61195464
Wyoming;America_N;USA;418;NA;1;0;7;5;9;5;253511.155;MAINL;1.964704724;46581;47.11958151;356.5421561;42.99898778;-107.5398654
Christmas_I.;Asia_Trop;Christmas_Island;176;23;0;6;NA;3;4;NA;123.9823621;ISL;3.323547691;41107.48;260.4863014;1790.027397;-10.44411526;105.7036983
Yakutiya;Asia_Temp;Russia;NA;NA;NA;NA;NA;1;6;NA;3069766.971;MAINL;0.26700539;NA;-130.2815554;291.2618296;66.17394158;130.1157928
North_Yemen;Asia_Temp;Yemen;265;14;NA;NA;NA;2;6;NA;133835.3701;MAINL;109.6620524;NA;219.1604621;187.4265311;15.42218908;44.38421054
South_Yemen;Asia_Temp;Yemen;NA;14;NA;NA;NA;2;6;NA;286246.221;MAINL;10.80790998;NA;233.4651951;83.64877289;16.0302851;49.05363621
Bosnia-Herzegovina;Europe;Bosnia;NA;NA;0;0;3;0;6;1;51543.43529;MAINL;74.76518267;NA;91.89086686;1038.988615;44.16869422;17.78595047
Croatia;Europe;Croatia;300;NA;0;1;10;3;11;6;56203.55709;MAINL;78.94681299;14672.2;109.4311139;996.8608755;45.04415067;16.40686294
Kosovo;Europe;Serbia;NA;NA;0;0;NA;0;5;NA;10754.28631;MAINL;200.6811041;NA;91.54214029;847.5109253;42.57837395;20.87808404
Macedonia;Europe;The_former_Yugoslav_Republic_of_Macedonia;6;NA;0;0;1;1;6;8;25484.08561;MAINL;79.85150314;7626.39;97.44203063;642.8257008;41.59971255;21.69811403
Montenegro;Europe;Montenegro;NA;2;0;3;NA;0;4;5;13787.18191;MAINL;47.53423804;6636.9;85.2038715;1266.195817;42.79223774;19.25397479
Serbia;Europe;Serbia;NA;NA;0;0;16;2;8;5;77357.93921;MAINL;99.83420088;6098.67;101.3286475;706.7952169;44.22907601;20.79574397
Slovenia;Europe;Slovenia;85;NA;2;0;4;4;7;8;20410.74297;MAINL;96.2702441;24901.65;88.4017831;1180.792254;46.12355026;14.82707444
Yukon;America_N;Canada;161;NA;NA;NA;0;3;6;3;465524.0655;MAINL;0.064229173;55778.09;-67.99810987;331.2875544;63.744233;-135.346587
Zaire;Africa;Democratic_Republic_of_the_Congo;522;3;NA;NA;9;2;6;6;2326815.922;MAINL;21.45559961;207.47;239.3146762;1595.172495;-2.876231321;23.6544568
Zambia;Africa;Zambia;136;NA;NA;NA;8;2;7;NA;751904.017;MAINL;14.28820684;1066.64;212.2655845;1018.798848;-13.45307891;27.79788138
Zimbabwe;Africa;Zimbabwe;238;NA;NA;NA;15;2;10;NA;389858.8261;MAINL;32.24452891;723.2;204.7623358;673.6665421;-19.00000691;29.87176247
