"habitat";"carex";"slope";"elevation";"FRic";"FDis";"FDiv";"FEve";"rich";"canopy_height";"leaf_dmc";"leaf_mass";"leaf_size";"seed_mass";"seed_number_per_shoot";"SLA";"L";"T";"M";"N";"R";"shan";"prop.erect"
"1";"grassland";1;15;1834;0.172047268315793;0.130214342896621;0.682741663804315;0.907419899049031;22;0.135388690446429;313.292643682759;17.3702518025;341.230259302187;2.93733721046;2984.5090448017;16.3848179545455;4.4047619047619;1.91269841269841;3.28571428571429;2.35714285714286;2.64285714285714;3.0106015814167;0.135593220338983
"2";"grassland";1;15;1833;0.184783147059569;0.135041299935878;0.640510818221816;0.875123166330282;20;0.133028571408163;304.085416670833;19.1433268626923;384.812222618846;4.39974774368293;2330.40800423385;16.4631042105263;4.30188679245283;1.91509433962264;3.24528301886792;2.39622641509434;2.64150943396226;2.88268828099301;0.137254901960784
"3";"grassland";1;22;1832;0.184302421431597;0.157079165625691;0.685158521319178;0.856892500922238;20;0.12568;293.425714285714;18.1118500710417;390.311143529167;3.98960624062222;5612.25147996417;16.40531225;4.35833333333333;1.98333333333333;3.25833333333333;2.35833333333333;2.51666666666667;2.91696306356416;0.25
"4";"grassland";1;8;1819;0.0849794412723186;0.169295232385471;0.686921660993347;0.845198937247312;18;0.124431972761905;309.287142861905;16.1229024732381;366.25757271;7.17837287097297;6331.70821934;14.3759175019429;4.30769230769231;2.01923076923077;3.06730769230769;2.24038461538462;2.39423076923077;2.78776668373013;0.297872340425532
"5";"grassland";1;25;1817;0.23089040683124;0.143000828371527;0.648982641973671;0.918510878847736;21;0.146364519078431;313.623908048276;83.6416481414138;1657.54300868965;5.27151981774468;4022.67611932167;15.9516057177073;4.31967213114754;1.94262295081967;3.22950819672131;2.39344262295082;2.57377049180328;2.97808292064971;0.196428571428571
"6";"grassland";1;15;1819;0.055768266367585;0.155330383601531;0.646928312824536;0.887732422751571;15;0.118716450151515;353.175111113333;5.53534046353333;67.39000122;7.84386018342857;7361.28364906706;13.5494649215484;4.45652173913043;1.93478260869565;3.09782608695652;2.14130434782609;2.39130434782609;2.63181848619416;0.342105263157895
"7";"grassland";1;12;1814;0.00379183346432209;0.141324908489566;0.670977693824722;0.8280826347146;17;0.148914614068966;334.8254386;10.155675489;138.644103489474;8.59468101614286;4531.01901283048;13.9857966007647;4.46153846153846;1.98076923076923;3.20192307692308;2.19230769230769;2.33653846153846;2.65799703497195;0.371428571428571
"8";"grassland";1;30;1808;0.101099447523136;0.152745407190459;0.668861279513094;0.848820050316397;19;0.13513285708;331.713763441935;14.1288662842903;281.682480196774;9.00613511927907;61826.7422435529;14.7204625015111;4.33606557377049;2.00819672131148;3.13934426229508;2.22131147540984;2.4344262295082;2.84869368247375;0.345454545454545
"9";"grassland";1;30;1817;0.29587422829945;0.147506489444255;0.638050172023207;0.841494565261641;20;0.154362278196078;319.666451612903;17.1171641388064;368.079751702258;8.65618643853333;5571.48568498839;16.0038002992381;4.22881355932203;2.02542372881356;3.13559322033898;2.27118644067797;2.43220338983051;2.8607982623331;0.259259259259259
"10";"grassland";1;15;1797;0.0221195197084893;0.144114485201498;0.655490656586121;0.862083483675866;16;0.156716296244444;312.803888879167;15.291833333125;355.917441501667;7.61770078720513;4114.58216603667;17.1002428571429;4.25510204081633;1.92857142857143;3.19387755102041;2.39795918367347;2.69387755102041;2.65310077109378;0.191489361702128
"11";"grassland";1;15;1830;0.00516693123377983;0.167165920417273;0.681723611400063;0.85359149181464;17;0.161003968222222;338.928571433333;21.2920189932381;336.201620329048;8.30206038634375;4816.23609257809;14.3837215929697;4.44230769230769;2.03846153846154;3.24038461538462;2.11538461538462;2.23076923076923;2.75268364641302;0.317073170731707
"12";"grassland";1;20;1846;0.180258871723146;0.154143751017406;0.676122477302254;0.868904198590722;23;0.175763824822581;308.3420833325;66.43516096615;1640.460093554;7.01936614338182;2918.13920423974;16.8397760425614;4.22222222222222;2.05555555555556;3.29861111111111;2.32638888888889;2.55555555555556;3.0507383961993;0.184615384615385
"13";"grassland";1;35;1849;0.241764369472434;0.148960493504874;0.63889318602959;0.878286787598515;23;1.12410851642308;304.230333333333;57.9230873466;1586.550342564;8.16605410197727;5801.43584305655;15.9168911947273;4.37301587301587;1.96825396825397;3.22222222222222;2.18253968253968;2.33333333333333;3.05461092621415;0.203703703703704
"14";"grassland";1;10;1845;0.309751363192681;0.149073954803267;0.634634031719848;0.838655091996184;22;0.150445781052632;317.011801805405;46.2115707211622;1314.62473405108;8.27598885283674;2946.80813594444;15.9341165830204;4.29230769230769;2.03076923076923;3.2;2.32307692307692;2.54615384615385;2.9898797147622;0.245901639344262
"15";"grassland";1;10;1843;0.149148515308082;0.146571320575468;0.625473250645792;0.804412292490075;19;0.155957039282609;328.198397434615;15.4256527175385;325.670624698462;9.86931774197297;37959.9879617862;15.2444821959535;4.38461538461539;1.92307692307692;3.13461538461538;2.22115384615385;2.48076923076923;2.83266216724686;0.270833333333333
"16";"grassland";1;35;1847;0.179366379132769;0.154382037928931;0.668621812543411;0.885843777596569;21;0.182833791153846;316.277714285714;52.2054487187429;1444.58273787114;8.1145984617234;3268.80945447382;16.7059403354884;4.29032258064516;2.10483870967742;3.29032258064516;2.36290322580645;2.5241935483871;2.97085396235145;0.245614035087719
"17";"grassland";1;15;1854;0.0042517295567689;0.139336876910997;0.681272994177336;0.90356175225499;18;0.166582312857143;343.657307696154;21.5109236742692;403.976618208846;6.59849417124324;1059.89442563346;15.4573426229444;4.45098039215686;1.94117647058824;3.23529411764706;2.22549019607843;2.34313725490196;2.84400452465467;0.173913043478261
"18";"grassland";1;15;1855;0.11704628678704;0.148554930576267;0.661520918144163;0.830913290314733;18;0.157838775408163;356.779666666667;9.66831899046667;96.4251252803333;9.59368659497917;3269.0673149875;14.6860266742791;4.39166666666667;1.96666666666667;3.06666666666667;2.15833333333333;2.44166666666667;2.75456033796449;0.326923076923077
"19";"grassland";1;10;1856;0.215417306236632;0.151734551892024;0.641858850117957;0.839818746358685;23;0.14530317452381;335.618333336111;13.3510804384444;264.554375233333;8.56642090287037;2952.54333798889;15.0643066729615;4.36111111111111;1.95833333333333;3.02777777777778;2.22916666666667;2.48611111111111;3.01813331169577;0.26865671641791
"20";"grassland";1;10;1860;0.117453380601341;0.135340788992216;0.631841201310691;0.830422207684332;22;0.974782936466667;337.931182803226;20.2596121989677;324.548463233226;5.42086027242308;3586.53235386375;14.5227794285;4.37671232876712;1.92465753424658;3.15753424657534;2.1986301369863;2.36986301369863;2.97320547441496;0.145161290322581
"21";"grassland";1;30;1860;0.429802594105995;0.147248403240539;0.64681838979748;0.893456911782767;23;0.169273015823529;305.13774193871;53.8855022619677;1478.30570436548;5.486830153;3673.67892143394;16.0121257824091;4.25833333333333;2.11666666666667;3.325;2.39166666666667;2.48333333333333;3.0803344974578;0.163636363636364
"22";"grassland";1;5;1860;0.0120597483880414;0.137442615072485;0.638514220840726;0.86447120398897;22;0.181127865925926;328.413148152778;36.9710338801111;867.608502011389;4.56567059219608;5031.18929558105;16.6688968063111;4.30172413793103;2.12931034482759;3.38793103448276;2.31896551724138;2.37068965517241;3.00075201855673;0.137931034482759
"23";"grassland";1;10;1863;0.0829977573739752;0.166885349925478;0.638205364224484;0.843533708760112;16;0.156230496361702;362.509139787097;11.2456000614194;99.3460505809677;10.0029206386957;5630.86261103758;15.6294526214595;4.30555555555556;2.12037037037037;3.14814814814815;2.12037037037037;2.32407407407407;2.64467783485127;0.352941176470588
"24";"grassland";1;30;1867;0.0560523551264704;0.146145067680602;0.635417297575916;0.868206491055372;18;0.16781380946;337.340392155882;19.2906891425294;359.712757122353;8.96574572985366;3330.51203052848;15.7777198814043;4.32142857142857;2.08035714285714;3.21428571428571;2.19642857142857;2.42857142857143;2.78966467179375;0.259259259259259
"25";"grassland";1;5;1870;0.000158414584512104;0.142845479611091;0.734650734817988;0.880127214576942;11;0.183890269043478;359.352941176471;16.707634074;160.483447665882;10.903625397125;859.3796348905;14.3779046903333;4.51282051282051;1.87179487179487;3.30769230769231;2.11538461538462;2.28205128205128;2.30810944631607;0.357142857142857
"26";"grassland";1;35;1867;0.0760487734314244;0.13654692324865;0.669631445558676;0.79324856343378;17;0.142499542076923;349.864222226667;13.5131204499394;265.297334739091;8.34688334478723;1014.50492430121;16.4268400570667;4.39166666666667;1.96666666666667;3.18333333333333;2.28333333333333;2.50833333333333;2.70268722470064;0.285714285714286
"27";"grassland";1;5;1864;0.528014376985341;0.142377313999739;0.618639964680967;0.873659359503615;22;0.169508150115385;323.693000003333;39.51489658425;934.669214936875;4.33368911254;2826.27982460353;16.8138475447907;4.35964912280702;1.95614035087719;3.2719298245614;2.29824561403509;2.41228070175439;3.03027552941301;0.142857142857143
"28";"grassland";1;20;1868;0.0573184171539717;0.15970990983456;0.678974295720192;0.870186310765277;20;0.143894957960784;294.150370374074;22.6895593506207;538.019979707241;6.08729852311364;8113.84321560379;16.6872063387907;4.28571428571429;1.97321428571429;3.13392857142857;2.20535714285714;2.33035714285714;2.94498015837323;0.222222222222222
"29";"grassland";1;10;1871;0.0260281336214077;0.143431096038085;0.650046166272269;0.894962261681649;22;0.168545408089286;311.895263157895;44.8964851694634;1206.24047964317;8.059502769;2789.7481614495;16.5507571887143;4.36301369863014;2.00684931506849;3.32191780821918;2.21232876712329;2.37671232876712;3.01718646484797;0.3
"30";"grassland";1;5;1869;0.00577525746323887;0.124887147375745;0.631454353405536;0.872398650216302;17;0.129348076865385;317.335797095652;17.3660762236;380.3915377152;3.85164074104348;3640.249018896;17.3290764285714;4.47222222222222;1.78703703703704;3.14814814814815;2.2037037037037;2.35185185185185;2.73320295953467;0.148148148148148
"31";"grassland";1;45;1864;0.00516236894230208;0.15216893056221;0.724705678893285;0.835794408267715;16;0.18070833325;333.918518518519;35.4370775012593;809.859323504074;11.2929946253659;3404.813122397;13.977366134973;4.36206896551724;1.95689655172414;3.18103448275862;2.10344827586207;2.26724137931034;2.63737113937137;0.340425531914894
"32";"grassland";1;10;1857;0.147995002948275;0.126254519643606;0.582708400058851;0.872480143953995;17;0.16755158725;327.1608333375;18.0035985732187;383.722207377812;9.13553335297674;1060.53918791594;15.5059343765455;4.3984375;1.9296875;3.1484375;2.265625;2.53125;2.74303367512435;0.215686274509804
"33";"grassland";1;45;1865;0.137336518269248;0.134632061588986;0.616611073953526;0.908762886149199;19;0.154019135759259;305.099999996774;18.8268320420968;420.437554556774;6.3191559844375;3437.072033402;16.8238409090909;4.37301587301587;1.8968253968254;3.15873015873016;2.34126984126984;2.57936507936508;2.88687907311583;0.160714285714286
"34";"grassland";1;20;1867;0.0092482313630152;0.147277035529327;0.698833274598228;0.905815927115771;19;0.189655166132075;283.623047622857;99.7376283582703;2756.67437089757;4.44202069992157;4257.90848141081;18.0403665505417;4.16935483870968;2.01612903225806;3.33870967741935;2.50806451612903;2.54838709677419;2.88689623056292;0.169491525423729
"35";"snowbed";1;30;1872;0.0339785426799833;0.122722197498735;0.710891354106785;0.910025185164484;16;0.167971739065217;242.755238095238;117.01140080381;3141.0548356;0.672852519171429;496.674482790556;17.8736794871795;4.46078431372549;1.72549019607843;3.33333333333333;2.3921568627451;2.69607843137255;2.66705424268099;0
"36";"grassland";1;55;1895;0.177105289282123;0.13835665893191;0.645302239057025;0.906069152935826;24;0.129453942196721;298.916250003125;21.166799179;475.061816572941;3.77044130973684;4715.87958937903;16.9325498862449;4.39130434782609;1.8768115942029;3.1304347826087;2.28260869565217;2.42028985507246;3.11210630573264;0.153846153846154
"37";"grassland";1;20;1894;0.00148830283711668;0.153790107964814;0.715683121948552;0.896828383667616;19;0.144861195489362;315.760694445833;20.4661563328889;356.799096118518;5.29037231490698;3506.95335782536;15.2829244528781;4.41379310344828;1.93103448275862;3.19827586206897;2.12068965517241;2.25;2.87808095173306;0.269230769230769
"38";"snowbed";1;20;1932;0.142069304430133;0.149890231772923;0.662029591183503;0.892791761184037;17;0.119775555533333;247.754210521053;25.1360807232609;643.117101337391;3.75678071008333;3896.62551315739;18.1766434285714;4.43137254901961;1.85294117647059;3.22549019607843;2.34313725490196;2.57843137254902;2.78297733257956;0.183673469387755
"39";"grassland";1;25;1855;0.064161153655694;0.15334284849835;0.660158918679309;0.840471440310415;16;0.147924603095238;349.769130434783;5.84170181365217;72.3229015047826;13.0477710298571;4012.1402272496;13.7027550511282;4.41525423728814;1.95762711864407;3.08474576271186;2.14406779661017;2.42372881355932;2.64046101836965;0.404255319148936
"40";"snowbed";1;25;1865;0.141836843181035;0.130041455231124;0.609674159877913;0.793167032660016;19;0.149844615323077;319.052882878378;43.50491494;1249.6614217473;6.25467535870175;3016.52411814541;16.4095724137931;4.30714285714286;1.97857142857143;3.22142857142857;2.36428571428571;2.52857142857143;2.7866925182556;0.149253731343284
"41";"grassland";1;15;1870;0.0445036420098944;0.145956230932439;0.638525990041031;0.829342071577701;14;0.139675484944444;334.604838706452;9.15396092816129;137.810195250968;8.02749117220408;4435.8502181103;16.2521502792889;4.16949152542373;2.07627118644068;3.07627118644068;2.23728813559322;2.46610169491525;2.54579524798625;0.25
"42";"grassland";1;5;1845;0.0245372353139656;0.15051155736752;0.695231529419535;0.849230918482922;15;0.124585606045455;273.785238090476;18.2020281383333;430.857752364762;3.67929872321622;6189.67886315318;17.064071875;4.19387755102041;2.03061224489796;3.18367346938776;2.36734693877551;2.68367346938776;2.59651732778276;0.127659574468085
"43";"grassland";1;45;1850;0.00351334947462908;0.132047417436903;0.670294047441578;0.778734819883066;15;0.1340518518;314.356419748148;16.5447289562963;364.104204980741;4.78874950702778;5116.60979290148;16.24178;4.18867924528302;2.08490566037736;3.14150943396226;2.31132075471698;2.4622641509434;2.57792625839272;0.148936170212766
"44";"grassland";1;45;1854;0.0114929511726311;0.134878890539231;0.652036090850967;0.877463384281263;18;0.133425694375;324.872043009677;20.0585127767742;324.303203492581;4.15196056145238;110789.891147107;15.1685636363636;4.27272727272727;2;3.29090909090909;2.26363636363636;2.4;2.804711207732;0.192307692307692
"45";"snowbed";1;35;1856;0.0251532572692601;0.142201422211512;0.604267491991387;0.805853391338286;20;0.144682710553846;336.350852716279;16.25412977296;255.3897253578;5.93352030640298;2229.682493485;16.611536435541;4.22077922077922;2.03246753246753;3.35064935064935;2.27922077922078;2.42857142857143;2.87400057787043;0.289855072463768
"46";"grassland";1;30;1855;0.537257660496154;0.130409336571494;0.612924480517469;0.891697251829004;21;0.135359027729167;319.6023611125;21.7581894045833;399.01702303875;2.09051545447917;3612.67640072;17.0869730769231;4.37068965517241;1.9051724137931;3.23275862068966;2.35344827586207;2.5;2.9736874593965;0.0769230769230769
"47";"grassland";1;30;1864;0.0201392810629524;0.132252403593182;0.614884997141065;0.889040963542734;19;0.158123076865385;328.121309525;56.67869067625;1461.54360338857;2.997951637;3167.1402712725;16.1561965116279;4.28333333333333;2.025;3.30833333333333;2.35833333333333;2.46666666666667;2.88207985397986;0.0892857142857143
"48";"grassland";1;20;1848;0.00606800341318017;0.136183807906083;0.672522496689858;0.877860481624673;19;1.09908930811321;331.855308637037;19.8437342155556;349.002141488148;3.99612059469565;5991.28510984067;15.4991090909091;4.35483870967742;1.93548387096774;3.25806451612903;2.32258064516129;2.51612903225806;2.84607338936247;0.12280701754386
"49";"snowbed";1;5;1857;0.131091628962519;0.139644498619819;0.623713266169559;0.899347534743112;16;0.111203267921569;304.826543211111;18.7268765820588;401.113808908235;2.82569842155102;2679.69897196;17.8735480434783;4.30508474576271;1.85593220338983;3.34745762711864;2.36440677966102;2.61016949152542;2.70208194954923;0.218181818181818
"50";"grassland";1;25;1858;0.562721837448988;0.132536237958206;0.604909017728169;0.89486726180393;21;0.142437356275862;304.133725491176;22.7852251972368;452.138796415263;2.53899302332759;2690.98826366016;17.5825194545455;4.34285714285714;1.94285714285714;3.35714285714286;2.35714285714286;2.55;2.98671069147158;0.145161290322581
"51";"grassland";1;20;1832;0.00918238615250598;0.147297064465965;0.629297540715085;0.875023220289981;14;0.123916269783333;328.510606057576;9.84917541736364;151.544425841818;8.1173787969375;5253.40391174686;15.03248025136;4.19230769230769;2.06153846153846;3.01538461538462;2.16153846153846;2.39230769230769;2.55597180999437;0.241935483870968
"52";"snowbed";1;5;1777;0.0203787215355336;0.138545406532688;0.737080768941999;0.868216320837824;18;0.145741358;287.350720004;24.9515157706061;500.798000281515;0.444767572781818;4574.46321782808;17.75302248;4.52380952380952;1.88095238095238;3.42857142857143;2.41269841269841;2.61904761904762;2.76407914414254;0.131147540983607
"53";"grassland";1;5;1780;0.00222911077841265;0.135846407876633;0.662620260505914;0.874426004749054;17;0.16120066664;297.159373745455;96.790832693125;1847.9001348385;0.448623569960784;5638.79561430732;16.9950230883333;4.16949152542373;2.09322033898305;3.56779661016949;2.59322033898305;2.61864406779661;2.73035262644876;0.166666666666667
"54";"grassland";1;45;1789;0.056070969530397;0.163641497082167;0.664836066861234;0.835685700670021;17;0.134479532087719;339.766388891667;11.757859479;186.765360683333;8.64916834258491;6324.86884134385;14.8646520637021;4.24626865671642;2.05970149253731;3.06716417910448;2.17164179104478;2.3134328358209;2.73677086338533;0.34375
"55";"grassland";1;5;1778;0.0771599272857036;0.140910046148832;0.659399580124325;0.847315830906159;18;0.13769952376;331.789066668;16.11333419252;339.133275444;9.0754862192093;3528.15192320296;15.0835470123478;4.4140625;1.875;3.1171875;2.2578125;2.4453125;2.79515773565787;0.240740740740741
"56";"grassland";1;30;2086;0.0723603267631497;0.133261137574195;0.668938639270708;0.899103955823075;18;0.11856066662;273.038260865217;24.5367438483333;549.000207135556;3.29765609887805;668.827981397407;17.4337322727273;4.39830508474576;1.80508474576271;3.17796610169492;2.33050847457627;2.58474576271186;2.83009797421267;0.132075471698113
"57";"snowbed";1;20;2095;0.0163791250739164;0.133053142755783;0.728374356832365;0.910849670618858;18;0.119151851814815;256.248947368421;24.1254269763462;591.752226680769;0.440708651288889;3504.63001696917;17.0959502173913;4.525;1.71666666666667;3.26666666666667;2.30833333333333;2.525;2.79674394053829;0.160714285714286
"58";"snowbed";1;30;2093;0.012329434479258;0.127258732114558;0.712285446451382;0.914669059489671;16;0.128457142816327;266.434;25.19690501125;627.846148120833;0.432767275;3918.99844237636;16.5069719047619;4.45283018867925;1.78301886792453;3.26415094339623;2.29245283018868;2.54716981132075;2.70600408374304;0.117647058823529
"59";"grassland";1;15;2101;0.0614624268334675;0.110184756358712;0.633025367071808;0.881160561250775;17;0.0989007091914894;290.836;17.58310989;282.330054942857;0.372025671783784;4765.20028510875;16.2794004878049;4.63636363636364;1.62727272727273;3.16363636363636;2.16363636363636;2.37272727272727;2.72113108659146;0.122448979591837
"60";"snowbed";1;40;2150;0.0418049085353815;0.118617430778578;0.709239262925536;0.878279465351914;18;0.111207482959184;239.480666666667;27.1423704453158;719.599609861579;0.508002162789474;508.769396217222;16.94604;4.69166666666667;1.64166666666667;3.3;2.25;2.50833333333333;2.8024072417648;0.0769230769230769
"61";"snowbed";1;40;2152;0.00411989408048996;0.114758612889918;0.737014849524695;0.899244775155922;15;0.127685185166667;236.225833333333;30.9672435896667;772.327205126667;0.60034173325;657.983862867143;17.2301074358974;4.54444444444444;1.7;3.33333333333333;2.26666666666667;2.44444444444444;2.62567779268849;0.0789473684210526
"62";"snowbed";1;35;2153;0.00751011404388688;0.11985209531902;0.709641426137168;0.882287905892076;19;0.122614999966667;262.3028;21.6174779735938;519.853980890625;0.582644251428571;2723.48752438363;16.5454967241379;4.62686567164179;1.70149253731343;3.25373134328358;2.37313432835821;2.53731343283582;2.8444297795279;0.145161290322581
"64";"snowbed";1;15;2115;0.00195601606935417;0.113382595293924;0.739136375980092;0.919535136386486;11;0.0995289854782609;274.611428571429;21.0172857142857;354.487857142857;0.366033333318182;7543.467247051;15.8984166666667;4.625;1.671875;3.21875;2.1875;2.546875;2.36060911398924;0.0769230769230769
"65";"snowbed";1;15;2090;0.00211183392535438;0.12095646194958;0.763198918652947;0.834940698614516;11;0.1162222222;265.597777777778;20.9301111111111;356.696111111111;0.338520301740741;8689.17837312923;15.4161481481481;4.59210526315789;1.71052631578947;3.25;2.17105263157895;2.59210526315789;2.31201451113579;0.0882352941176471
"66";"snowbed";1;5;2083;0.00202239423182698;0.100711042022917;0.75728489248003;0.811448187587861;11;0.13136666664;263.676666666667;24.436;412.385833333333;0.462696969636364;4252.00064450111;14.984472;4.59677419354839;1.61290322580645;3.33870967741935;2.17741935483871;2.62903225806452;2.25628465496115;0.0357142857142857
"67";"snowbed";1;5;2082;0.0412414290941304;0.117194886228092;0.720526744002042;0.821899776455896;16;0.116189215647059;288.98;16.0088595036364;264.449502163636;0.358416299333333;5365.04570876933;16.055795;4.54545454545455;1.73863636363636;3.22727272727273;2.22727272727273;2.55681818181818;2.6512697588574;0.0526315789473684
"68";"grassland";1;5;2078;0.00314734547144892;0.130100800303176;0.738370101709722;0.878996098983946;14;0.113374649823529;295.770909090909;15.3707569276364;249.572058041818;3.92048364202778;4491.19288414389;15.9383372697778;4.58139534883721;1.72093023255814;3.2093023255814;2.23255813953488;2.37209302325581;2.5575253015642;0.146341463414634
"69";"grassland";1;45;2048;0.0781715026506113;0.133625691665085;0.696196152813113;0.888040168285127;22;0.120636257280702;261.978571428571;24.6656576144;616.355625232;0.50508301493617;5256.21282040809;17.1666137777778;4.57575757575758;1.75757575757576;3.21969696969697;2.29545454545455;2.53030303030303;3.01943408064029;0.11864406779661
"70";"snowbed";1;50;2020;0.0070127402484301;0.126432521305071;0.664687171746576;0.909745046641338;19;0.0970684848181818;259.094761904762;21.1901988530357;490.528129521429;0.526319913093023;2741.32777578568;17.2198182;4.5703125;1.671875;3.1796875;2.328125;2.4296875;2.89241982302758;0.155172413793103
"71";"grassland";1;30;2021;0.00428920877538018;0.120566423090957;0.606424698879715;0.856003743157104;15;0.10048043473913;294.92;19.68403041925;446.003880035;0.331366600555556;4086.15790993667;16.3292052777778;4.57142857142857;1.77551020408163;3.12244897959184;2.16326530612245;2.26530612244898;2.63749218514324;0.102040816326531
"72";"snowbed";1;30;2020;0.00700829279951764;0.124503104427893;0.720787426417976;0.872146660662551;17;0.11917068962069;260.8085;26.6671667676087;663.931298373913;0.478227653;408.782733392174;16.3360146808511;4.5390625;1.6484375;3.203125;2.359375;2.5625;2.77440505029097;0.0483870967741935
"73";"snowbed";1;15;2029;0.00245734907368587;0.117870593253039;0.636767214989515;0.859748232151742;12;0.108717948666667;335.227777777778;92.5686958661539;2862.70352070769;0.604338856171429;429.2213334045;16.5806006896552;4.77173913043478;1.69565217391304;3.26086956521739;2.23913043478261;2.3804347826087;2.39996343725995;0.0869565217391304
"74";"snowbed";1;15;1994;0.00459269755337417;0.123732604261117;0.665677761486004;0.863184939533795;15;0.127567460285714;291.038148144445;21.8882973692857;541.16683781619;2.29771109497561;3593.3135433196;17.8867482857143;4.48979591836735;1.81632653061224;3.30612244897959;2.28571428571429;2.38775510204082;2.60345198234584;0.142857142857143
"75";"snowbed";1;20;1985;5.55765760676904e-05;0.0873258986335032;0.798307411174493;0.803234941238305;11;0.156127160444444;255.990909090909;27.2583249053846;646.991531415385;0.37582981556;426.166343249333;17.258439375;4.71052631578947;1.64473684210526;3.36842105263158;2.26315789473684;2.60526315789474;2.24387928344984;0.0645161290322581
"76";"grassland";1;15;1682;0.0664980348179363;0.151660404632582;0.633567230466633;0.892281448665793;16;0.10615694844898;322.688095238095;12.6889439345714;213.43991069;4.72944422343182;3783.40970333792;16.3143338407429;4.49074074074074;1.85185185185185;2.99074074074074;2.24074074074074;2.38888888888889;2.71274705610565;0.185185185185185
"77";"grassland";1;5;1690;0.0556981488570646;0.129653457101127;0.627824805915867;0.881758526082386;16;0.150160992893617;320.478281253125;17.800631515;355.865887609062;4.01914907753333;3568.57359449147;17.5330657894737;4.22549019607843;2.11764705882353;3.32352941176471;2.54901960784314;2.56862745098039;2.70616732247078;0.117647058823529
"78";"snowbed";1;0;1795;0.000464957995544725;0.121317680030861;0.759569486336232;0.900429831052714;13;0.134572380914286;260.354;21.0622457829412;501.010554835294;0.328559008517241;7076.80099357412;16.3497533333333;4.43589743589744;1.84615384615385;3.32051282051282;2.29487179487179;2.48717948717949;2.47861704194803;0.135135135135135
"79";"snowbed";1;0;1792;0.0442841565043727;0.135024525320668;0.722535756770531;0.859388487681091;15;0.0944944444047619;298.878333333333;13.084976573;201.09292811;0.343852917473684;525.549561376956;17.9918563157895;4.63265306122449;1.72448979591837;3.31632653061224;2.12244897959184;2.39795918367347;2.57716486284909;0.177777777777778
"80";"snowbed";1;5;1792;0.00277627066650748;0.110568763277846;0.74666317846031;0.835396785570409;15;0.147131182709677;263.7685;66.2813406429167;1989.9550163625;0.7431168005;367.44135695624;18.52697;4.625;1.80681818181818;3.51136363636364;2.48863636363636;2.79545454545455;2.61559374905527;0.114285714285714
"81";"snowbed";1;5;1805;0.0197974323426163;0.121891081975281;0.688384977788429;0.870927946929986;13;0.145834343393939;235.350714285714;44.4462435057143;1381.27743197143;0.477257175037037;763.580155973;17.7066931034483;4.52325581395349;1.62790697674419;3.37209302325581;2.45348837209302;2.74418604651163;2.45425649553368;0
"82";"snowbed";1;10;1807;0.027056099235142;0.135377111050664;0.691777096041289;0.893818228667463;16;0.0992644444;284.84069445;81.4996323056452;1606.87597214194;0.485040620076923;8031.94218282442;18.269266097561;4.45918367346939;1.89795918367347;3.44897959183673;2.36734693877551;2.51020408163265;2.69407562845426;0.183673469387755
"83";"snowbed";1;40;1885;0.0713006451309152;0.14215889940971;0.666553717589477;0.90097120324293;19;0.1343364583125;270.972307692308;24.7063509682353;490.748840764706;0.375033221030303;4439.09964109833;18.4319971428571;4.5625;1.79166666666667;3.29166666666667;2.45833333333333;2.58333333333333;2.9175590112472;0.171428571428571
"84";"snowbed";1;5;1849;0.00637118171310436;0.14311436213933;0.631299641585134;0.870348885529975;17;0.138653448241379;331.152272727273;20.752578662931;192.031056268966;0.380027012685185;4116.58097624;16.084165;4.49206349206349;1.8968253968254;3.41269841269841;2.13492063492063;2.18253968253968;2.72390428454845;0.174603174603175
"85";"snowbed";1;5;1867;0.480599486838474;0.131348786003115;0.596948082718155;0.829612399796599;21;0.14054199992;262.87705376129;111.900799324806;2250.28586276161;2.15912237114894;3829.01441346133;19.5289238065116;4.42622950819672;1.78688524590164;3.54918032786885;2.64406779661017;2.90983606557377;2.9451686909667;0.115384615384615
"86";"snowbed";1;5;1797;0.0585567174951933;0.151975508022952;0.706345197878155;0.855061183544561;20;0.169051461964912;258.7167708375;195.134351991286;5160.95630533257;0.54965509884;326.658737330323;19.9620589795918;4.41803278688525;1.68852459016393;3.44262295081967;2.67796610169492;2.9672131147541;2.89971641683163;0.220338983050847
"87";"snowbed";1;5;1794;0.0662896709884738;0.134927515116662;0.676051834040641;0.902809442597306;21;0.158688505689655;300.383333334375;32.1529212524722;685.341792636111;2.86931078726923;553.276478057879;17.9056432653061;4.40909090909091;1.71969696969697;3.46212121212121;2.484375;2.87121212121212;2.98257361626682;0.234375
"88";"snowbed";1;25;1687;0.172511769079266;0.146075355536128;0.707470430903275;0.905555027715557;21;0.163625308611111;252.984333333333;147.366583282333;2996.17405692333;2.31950392069565;4663.54800023593;19.6942386363636;4.2734375;1.890625;3.4296875;2.5703125;2.9921875;2.94769184543095;0.0701754385964912
"89";"snowbed";1;35;1733;0.501941467111668;0.149567493332168;0.687240714307514;0.892099693476668;26;0.17520144926087;269.427526313158;88.4288250183095;1802.92365734286;2.40861101777049;9033.60683822282;19.2398527580328;4.30487804878049;1.88414634146341;3.36585365853659;2.53658536585366;2.84756097560976;3.17814064613151;0.152777777777778
"90";"snowbed";1;15;1736;0.059304225912151;0.133947877487514;0.737778791820319;0.894353732867914;17;0.169623015857143;271.4234;34.07041702;856.38414583;0.357907968405405;12534.8486756058;18.4196525415385;4.45192307692308;1.88461538461538;3.35576923076923;2.35576923076923;2.625;2.73797555580579;0.0444444444444444
"91";"snowbed";1;20;1759;0.386823707135229;0.1650893435529;0.715553654758924;0.902029055446705;22;0.157782485864407;299.309797108696;133.245139577407;2680.54906398111;0.411482262;7415.44109155852;18.4094352117073;4.61940298507463;1.85820895522388;3.45522388059701;2.62686567164179;3.02238805970149;3.02343730362426;0.126984126984127
"92";"snowbed";1;15;1981;0.00782340989274746;0.140332365789659;0.798597103159844;0.853900327785403;13;0.0990828829189189;259.385263157895;8.26266746368421;140.825357142105;0.407688116119048;331.294711355;18.28025625;4.48958333333333;1.67708333333333;3.39583333333333;2.52083333333333;2.95833333333333;2.43842079376762;0.159090909090909
"93";"snowbed";1;0;1977;0.0137771012280608;0.146743257338234;0.813629358922388;0.834463593432219;11;0.100940860290323;267.484615384615;3.7217908653125;57.83191105625;0.286421635787879;408.417761974;18.7887272413793;4.68918918918919;1.66216216216216;3.51351351351351;2.37837837837838;2.87837837837838;2.27019083332351;0.285714285714286
"94";"snowbed";1;0;1775;0.506825561479985;0.153616558689923;0.627697270497252;0.873523810684912;25;0.181955191245902;293.13328205641;80.2543186634615;1518.96143396077;2.65439420038596;10098.472620327;16.7728964384;4.16666666666667;2.22;3.42666666666667;2.74;2.90666666666667;3.12002893477173;0.138461538461538
"95";"snowbed";1;0;1805;0.0125292189675127;0.150355162075482;0.772601056833176;0.883997769531382;18;0.1344949275;302.897777772222;16.4425740620455;380.73300313;3.29850277564286;3812.20918026833;17.23807;4.4537037037037;1.85185185185185;3.32407407407407;2.31481481481481;2.62962962962963;2.80914297038137;0.211538461538462
"96";"snowbed";1;0;1960;0.00905061115831971;0.126629111988968;0.78274878676767;0.882806374701068;16;0.1052980952;279.964444444444;18.9184949488889;314.199391533333;0.440015715419355;5808.16175181077;15.3959935483871;4.55555555555556;1.66666666666667;3.31111111111111;2.26666666666667;2.64444444444444;2.68729087540493;0.102564102564103
"97";"grassland";0;40;1650;0.466450700241244;0.148669737586507;0.676455661596046;0.867286828702527;30;0.890896517373134;257.170114937931;63.1738739543056;1890.37360671889;4.57246055701887;5151.69285297976;17.8567668627451;4.45238095238095;1.88690476190476;3.28571428571429;2.44047619047619;2.72619047619048;3.31113172675882;0.257142857142857
"98";"grassland";0;30;1650;0.174911602082716;0.147892593576414;0.659812214323354;0.84119053121242;24;0.20721317827907;232.6782638875;361.920276385625;9653.18553160917;2.3389197518;5632.57720657059;18.3585558335;4.15178571428571;2.13392857142857;3.33035714285714;2.54464285714286;2.72321428571429;3.01469997219758;0.0888888888888889
"99";"grassland";0;40;1560;0.742962317146224;0.169927102906269;0.65584619124814;0.864346684464696;46;0.283765359470588;210.446299017647;327.576223248824;8744.94127062781;3.18872781995652;360279.040722097;27.3776088607595;3.81465517241379;2.22413793103448;3.3448275862069;2.9;3.34913793103448;3.72901694496983;0.257142857142857
"100";"grassland";0;NA;1515;0.195550175582888;0.171225625190742;0.716642916802087;0.893868518375571;42;0.25821566666;207.091449275362;203.372935349275;5551.95336290455;0.855981280830986;20131.884076554;25.2147301176471;3.83620689655172;2.19827586206897;3.375;2.87280701754386;3.19396551724138;3.65330236037633;0.278846153846154
"101";"grassland";0;30;1770;0.683350172220838;0.149749219328791;0.688486220925459;0.900731814166597;32;0.321678849688312;224.8270138875;289.213996541542;7660.28129588125;4.89375970929231;9576.73753240051;22.4734365471864;4.01724137931035;2.05172413793103;3.32758620689655;2.81034482758621;2.91379310344828;3.39264432660957;0.233766233766234
"102";"grassland";0;45;1860;0.265569037159691;0.163277239558883;0.628846814237688;0.872523781267175;21;0.320572681684211;262.712195119512;50.4182408181892;984.221224848293;8.11806300366;20707.5503550222;19.24181225136;3.91044776119403;2.32835820895522;3.13432835820895;2.57462686567164;2.55223880597015;2.95208869567048;0.389830508474576
"103";"grassland";0;30;1600;0.270230340726124;0.158691975146118;0.663882576687821;0.892316192373222;35;0.427437593960526;252.877048610417;246.215221456354;6121.58964471771;10.1932250024694;10012.0848291022;21.4924079282373;4.03804347826087;1.9945652173913;3.27717391304348;2.50555555555556;2.64673913043478;3.48240498480566;0.205128205128205
"104";"grassland";0;40;2090;0.48142845201441;0.146781087427643;0.644027939465914;0.849535156310054;43;0.171287647047059;244.658333332;249.71699790962;6588.84081225417;1.8760344982;120425.408806217;19.687382684026;4.31981981981982;1.81531531531532;3.30630630630631;2.44285714285714;2.93693693693694;3.64263403992627;0.155555555555556
"105";"grassland";0;35;1700;11.5706250929835;0.159221066803506;0.646945385681865;0.893170408236108;54;0.23919043327027;212.551384181356;169.04222694117;4857.94370341544;3.6662856385;6328.3955515994;22.8514806863902;4.2463768115942;1.95289855072464;3.22101449275362;2.70955882352941;3.15579710144928;3.9095012526329;0.25
"106";"grassland";0;15;1590;0.307441187543581;0.1548768761575;0.723957162432707;0.885381167572399;39;0.947721399160494;205.797388886667;261.791556764567;6940.53245759367;3.94261575809091;21985.2479039717;24.4286529411765;3.77835051546392;2.19587628865979;3.42268041237113;2.98969072164948;3.07216494845361;3.57751603755948;0.255813953488372
"107";"grassland";0;40;1640;2.62714898313476;0.159654948588844;0.690963630213295;0.884666184507374;50;0.271644460138614;261.714333335;54.6357573864138;1117.06763570067;5.17681911896341;22002.2739376107;20.6437562105897;4.0546875;2.15625;3.19921875;2.6484375;2.76953125;3.82802579288273;0.324324324324324
"108";"grassland";0;40;1790;0.557556180569512;0.166563686921075;0.694154207112391;0.867780028108703;42;0.275258239674157;231.275923496721;140.840326897951;3772.02574377559;6.9854841789726;10851.2956184886;22.652514759359;4.02314814814815;2.18981481481481;3.18055555555556;2.70754716981132;2.93055555555556;3.62447856210244;0.216494845360825
"109";"grassland";0;40;1550;3.1461881151652;0.171829784179109;0.689776220212174;0.88697256706609;80;0.626303766224242;208.363011204202;366.127245975219;9345.39929779456;4.29161959818898;116157.267703177;25.6653953228657;3.75373134328358;2.31094527363184;3.41293532338308;3.03768844221106;3.39800995024876;4.30693154809171;0.335260115606936
"110";"grassland";0;10;1590;0.0516912447158266;0.15598157704646;0.726331464018212;0.878131141018251;27;0.387570370349206;226.615507243478;103.039483879348;2799.71112351733;5.78658059714815;23959.3924590348;27.7723001082;3.69565217391304;2.34782608695652;3.28985507246377;2.92753623188406;2.88405797101449;3.17153761856919;0.292307692307692
"111";"grassland";0;0;1415;0.00277864594827615;0.151619786851252;0.730808569909998;0.893189330542206;33;3.02993555554667;277.000457630508;167.65724996661;4041.24445455123;6.85824074312121;12883.6971056648;19.9898770722388;3.72777777777778;2.6;3.55555555555556;3.14444444444444;3.01111111111111;3.41546572045345;0.246753246753247
"112";"grassland";0;30;1530;0.0155214028102874;0.169038773241429;0.7099736782479;0.839918107831484;30;1.12729901736508;263.561374146939;123.91927343049;3246.84250809872;11.6075804742157;25392.6451714332;22.6915257136271;3.81410256410256;2.48076923076923;3.31410256410256;2.74358974358974;2.85897435897436;3.24881939033626;0.450704225352113
"113";"grassland";0;15;1580;1.08908934658857;0.15739197323378;0.641767796510829;0.905361441206539;26;0.223649308725806;284.638974358974;38.7136853308649;744.155002851026;6.43318293076667;7665.00680025828;18.0752737389615;4.14935064935065;2.11038961038961;3.07142857142857;2.48701298701299;2.71428571428571;3.19434608924826;0.338235294117647
"114";"grassland";0;30;1650;0.213089072972021;0.151112046303;0.627335015679215;0.881709374848155;24;0.297256658576271;292.451991870732;17.7010630835946;349.856753319512;7.52624999856897;18305.02642487;20.1779461748571;4.00694444444444;2.26388888888889;3.1875;2.41666666666667;2.38194444444444;3.07725981987825;0.406779661016949
"115";"grassland";0;35;2238;0.873654783436999;0.142860904856307;0.665521673319196;0.864452301079454;35;0.11860861672619;286.409540231034;23.1684744695143;523.982580853429;3.52879656758929;2047.21433245846;16.5367105552581;4.73369565217391;1.65217391304348;3.06521739130435;2.16847826086956;2.73369565217391;3.46933059033885;0.180722891566265
"116";"grassland";0;30;2050;0.198640241852389;0.131116185903119;0.661507859907369;0.893906322524159;28;0.143711624602941;279.070430109677;28.7349208688182;656.787127715151;3.69920472260784;4177.13804875586;16.9593306620385;4.425;1.75;3.03125;2.3;2.51875;3.24755526981022;0.1
"117";"grassland";0;40;2020;0.984702209131771;0.130982344492307;0.598547363720566;0.865059782167465;32;0.188309456704225;261.592187503125;61.3611464935625;1757.94987245062;3.56929642509615;10239.972056078;18.180066467;4.49418604651163;1.72674418604651;3.12209302325581;2.44705882352941;2.58720930232558;3.33127099149158;0.0857142857142857
"118";"grassland";0;20;1970;0.535259535151562;0.138544942299225;0.636865435902558;0.862955233991067;28;0.15351814052381;313.347916671875;51.2939006478;1423.72783104486;4.29118218220833;5941.44144980909;16.3416389364444;4.44520547945205;1.91095890410959;3.1986301369863;2.29452054794521;2.46575342465753;3.24427427081785;0.230769230769231
"119";"grassland";0;30;1940;3.410162073217;0.138656036507215;0.643688587223251;0.87153775510451;39;0.143065642591398;246.255225224324;21.6868642250244;504.822871179024;3.65192996171014;4335.12079108827;17.2938150197538;4.53703703703704;1.71759259259259;3.15740740740741;2.33018867924528;2.69907407407407;3.55992694345669;0.180851063829787
"120";"grassland";0;35;2252;0.379732142153194;0.135555140755526;0.665734395396532;0.903916532808771;32;0.139311972757143;280.083387096774;105.754311801618;2731.67278644588;3.03453341877551;6463.55756859867;16.9252369731875;4.48125;1.75625;3.13125;2.2125;2.51875;3.40244807838127;0.133333333333333
"121";"grassland";0;20;1830;1.01691287603692;0.151051183938204;0.65825945199352;0.874151141846975;34;0.18137582878481;273.76;40.9205544485143;1117.95603139971;4.40511457629508;7641.31759838876;17.2361891861786;4.453125;1.875;3.07291666666667;2.37096774193548;2.609375;3.43537303196343;0.166666666666667
"122";"grassland";0;15;2010;1.62327342725798;0.137857779269644;0.610949001536008;0.861998276366857;29;0.151485852275362;263.867111106667;54.8516724977059;1527.40677428735;8.28759080802041;2701.53024772591;17.4561831620385;4.58536585365854;1.73170731707317;3.13414634146341;2.21875;2.57926829268293;3.24990864025431;0.208955223880597
"123";"grassland";0;40;2060;0.265704695369526;0.144819946873844;0.680871623435135;0.903368374049592;28;0.164128061178571;283.066742422727;49.2748409484231;1269.68425731077;4.21773393308889;6074.325663468;17.9563799192174;4.49230769230769;1.74615384615385;3.19230769230769;2.30769230769231;2.51538461538462;3.26493324757029;0.220338983050847
"124";"grassland";0;15;2060;0.0447166347597394;0.13739946082743;0.633025860148796;0.821501597351693;19;0.128864035052632;273.916111108333;58.6710802133333;1724.71388903467;2.11446956507692;3104.52052036923;16.025863;4.68888888888889;1.68888888888889;3.16666666666667;2.34444444444444;2.52222222222222;2.79133823600769;0.131578947368421
"125";"grassland";0;20;1760;0.0637445109471232;0.144750261916814;0.698255395090594;0.871012859137532;26;0.189780086545455;318.226794873077;20.3358215268333;392.150650218846;6.0500240725;12509.6793635;15.2850614071;4.45652173913043;1.94202898550725;3.09420289855072;2.26811594202899;2.45652173913043;3.16253075408305;0.254545454545455
"126";"grassland";0;40;1995;0.230167509415385;0.143201492456085;0.63443059526652;0.831799387788675;28;0.152688435328571;305.13190476;23.1924248803429;509.271690252286;7.40977646650943;2962.90552717187;16.9791869895636;4.48214285714286;1.85714285714286;3.01785714285714;2.25595238095238;2.53571428571429;3.22930613975928;0.142857142857143
"127";"grassland";0;40;2070;0.0799609305751696;0.130493624601889;0.68416618287175;0.875453997997116;27;0.151946320311688;279.733333328571;28.1706877702143;695.076252931428;3.54483677848333;4947.85987413833;17.5821654545455;4.54347826086957;1.67934782608696;3.07608695652174;2.35227272727273;2.625;3.20335066246348;0.0625
"128";"grassland";0;30;2040;0.855318310943123;0.147636106160068;0.694419479615784;0.892788836812865;34;0.126221855884615;257.390714285714;20.4270891092581;453.447812285806;3.285306507;4298.12112332633;16.8689122362308;4.63372093023256;1.65697674418605;3.06976744186047;2.25301204819277;2.93604651162791;3.45133534239138;0.171052631578947
"129";"snowbed";0;45;2200;0.00413944072668241;0.120761530854659;0.720589693722933;0.828313107884552;18;0.115260869521739;219.729285714286;26.0809450515;692.922522283;0.525533088969697;114.060481377687;17.1968137777778;4.78181818181818;1.50909090909091;3.38181818181818;2.11818181818182;2.47272727272727;2.78901945832554;0.117647058823529
"130";"snowbed";0;30;2018;0.382306413546553;0.131386839019415;0.645461073748014;0.887168506635866;26;0.140020586061538;222.641410253846;30.7632101611333;699.046637476667;6.01123269895455;474.653172582;17.4820411725833;4.51898734177215;1.67088607594937;3.17721518987342;2.28481012658228;2.63924050632911;3.18552003080458;0.1875
"131";"snowbed";0;30;1920;0.17448739749851;0.120666853064485;0.695329982001887;0.878196998676185;33;0.12881041665625;203.258636363636;233.308186173769;7054.51434126609;0.567184998745455;4200.05814479859;18.2062952380952;4.69318181818182;1.5625;3.5;2.28488372093023;2.92045454545455;3.38684717175114;0.147058823529412
"132";"snowbed";0;30;1910;0.754692670163773;0.131543375324553;0.674892773787802;0.871957879030808;33;0.213708743147541;213.28890625;356.021935001394;9580.42620400333;1.26453888698113;488.743333465929;20.9134870513462;4.35955056179775;1.78651685393258;3.50561797752809;2.62209302325581;3.07303370786517;3.37814307997932;0.121212121212121
"133";"snowbed";0;40;2100;5.68580989130024;0.141014114896463;0.659434306274486;0.868664322877005;49;0.154700383126437;210.360441176471;138.599605617821;3883.95678635459;0.773153047609375;345.461318280194;18.8228598571429;4.53508771929825;1.68421052631579;3.33333333333333;2.44090909090909;2.94298245614035;3.81388352783259;0.133333333333333
"134";"snowbed";0;30;1650;0.298320088438434;0.140362836957256;0.699220237774949;0.834697092853317;28;0.159709356701754;251.206060604545;57.7253886686207;1691.25564311103;3.73701115610417;3442.95817095562;17.7151502083333;4.40243902439024;1.79268292682927;3.39634146341463;2.47560975609756;2.84756097560976;3.16936382716416;0.261538461538462
"135";"snowbed";0;30;2110;0.0241669570672423;0.098380941251931;0.713526749009646;0.793306104053871;17;0.111484375;150.208888888889;31.3367924172727;914.293691377778;0.710421830333333;150.349744665111;17.2011783333333;4.75555555555556;1.45555555555556;3.48888888888889;2.15555555555556;2.76666666666667;2.71809741676315;0.142857142857143
"136";"snowbed";0;50;2190;0.326509537401849;0.129400715761738;0.742803130188614;0.872549897845297;25;0.110967741919355;285.266470588235;20.8237510121053;320.046520242105;1.2263352695102;2570.42465259474;15.7851723076923;4.61842105263158;1.65789473684211;3.30921052631579;2.28289473684211;2.67105263157895;3.11589842422861;0.161290322580645
"137";"snowbed";0;30;1870;0.037379828736981;0.132524544368482;0.713824952154536;0.881537137409533;22;0.175145652130435;242.683461538462;96.0633044953846;2595.93227106154;0.754578583513514;7677.348453786;18.7851511627907;4.16101694915254;1.86440677966102;3.43220338983051;2.55932203389831;2.77966101694915;2.98881428699654;0.08
"138";"snowbed";0;40;1970;0.0149997716205844;0.137029116512704;0.70183160497058;0.807825087767173;21;0.282841085255814;200.763333333333;523.877696523917;13957.6941952254;0.7948130812;5280.97721852823;19.651505;4.25454545454545;1.9;3.59090909090909;2.74528301886792;3.07272727272727;2.88495587305119;0.106382978723404
"139";"snowbed";0;15;2160;0.13954901335833;0.123957787396085;0.664989816221011;0.860933036803152;17;0.113943089414634;209.723636363636;28.6712577591667;692.106760216667;1.09053964553125;1851.87736803038;17.7011202857143;4.64;1.56;3.34;2.27;2.46;2.73823322916491;0.166666666666667
"140";"snowbed";0;0;1940;3.27144016982653e-05;0.149624781735865;0.702971729571708;0.79603837381634;7;0.118214285714286;197.377142857143;24.6816208789286;589.639917578571;0.329816125133333;6347.256039225;17.6421305;4.57142857142857;1.76190476190476;3.47619047619048;2.19047619047619;2.30952380952381;1.77684298833148;0.428571428571429
"141";"snowbed";0;0;1940;0.0318109131061174;0.164770367165835;0.74612135668853;0.86816447205757;20;0.162045454575758;195.78;46.79557137125;986.797778845;0.742670984821429;153.4577316375;19.5692884103226;4.42222222222222;1.78888888888889;3.47777777777778;2.76666666666667;2.98888888888889;2.935925995288;0.314285714285714
"142";"snowbed";0;5;1860;1.06938784659631;0.151434346675561;0.627380674287384;0.915122249989392;29;0.216010657539683;303.707368423684;78.4040926028333;2020.14652436667;4.02694798960377;4624.31467189622;17.0375232051636;4.35135135135135;2.00675675675676;3.36486486486486;2.39189189189189;2.51351351351351;3.31329140217799;0.21875
"143";"snowbed";0;NA;2060;0.098556085435284;0.135250859882785;0.703835477241344;0.853542862789758;24;0.112289247290323;228.339318181818;114.113711960241;3009.37977834138;0.44648847877551;1886.379501472;18.2442910909091;4.55882352941176;1.66911764705882;3.40441176470588;2.26470588235294;2.5;3.06417335936777;0.184615384615385
