area;continent;country;plants;ants;amphibians;reptiles;fish;birds;mammals;spider;area;mainl;popdens;GDP;MAT;MAP;N;E
Labrador;America_N;Canada;130;NA;NA;NA;NA;3;7;NA;287.3532556;MAINL;0.096100834;33941.54;-33.24186547;895.6959442;54.28513132;-61.95852761
Nei_Mongol;Asia_Temp;China;145;NA;NA;NA;NA;2;5;NA;1150.936868;MAINL;20.62029233;7295.74;31.51814176;298.3222111;44.06270526;113.8562748
Channel_Is.;Europe;Jersey_and_Guernsey;834;NA;NA;NA;NA;2;4;NA;0.20030723;ISL;604.0677404;NA;116.2357955;844.8210227;49.31001616;-2.297805079
Shanxi;Asia_Temp;China;137;NA;NA;NA;NA;2;4;NA;156.2079291;MAINL;208.9667119;6086;79.130438;509.2012497;37.56877352;112.2850082
South_Georgia;Antarctic;South_Georgia_South_Sandwich_Islands;31;NA;NA;NA;NA;2;3;NA;3.614602603;ISL;0;34266.97;-5.827701293;1606.353915;-54.35798161;-36.71862583
Kuril_Is.;Asia_Temp;Russia;59;NA;NA;NA;NA;1;9;NA;10.65335917;ISL;1.882265278;NA;22.8271911;1325.399328;46.9490112;150.7974815
Khabarovsk;Asia_Temp;Russia;401;NA;NA;NA;NA;1;8;NA;822.7186425;MAINL;1.947556455;15510.6;-60.733204;614.8229605;54.58518626;137.129087
Kerguelen;Antarctic;France;67;NA;NA;NA;NA;1;8;NA;7.463948507;ISL;0;31299.3;36.40015055;781.3949567;-49.28875156;69.47951572
Mali;Africa;Mali;53;NA;NA;NA;NA;1;6;NA;1252.282227;MAINL;9.32872818;870.49;282.5922535;309.9140943;17.35036278;-3.524352079
Magadan;Asia_Temp;Russia;222;NA;NA;NA;NA;1;5;NA;1179.713014;MAINL;0.276485645;NA;-114.8924469;323.7297957;65.14920159;128.5394239
Chongqing;Asia_Temp;China;58;NA;NA;NA;NA;1;5;NA;81.85316096;MAINL;371.5978694;10398.98;155.7836789;1224.902478;30.0572387;107.8677783
Buryatiya;Asia_Temp;Russia;41;NA;NA;NA;NA;1;5;NA;352.357042;MAINL;3.023160525;8351;-55.57325906;434.2270353;53.55446059;109.5025411
Chita;Asia_Temp;Russia;22;NA;NA;NA;NA;1;5;NA;431.8354579;MAINL;2.998290174;8699.15;-53.31326068;408.7831963;52.8406914;116.2008257
Andhra_Pradesh;Asia_Trop;India;323;NA;NA;NA;NA;1;2;NA;275.2233609;MAINL;274.6242383;4218;274.0063922;896.1678388;16.6054652;79.584671
Nagaland;Asia_Trop;India;260;NA;NA;NA;NA;1;2;NA;16.64054948;MAINL;NA;3369;195.6257515;1956.679817;26.04609971;94.44951099
Chattisgarh;Asia_Trop;India;239;NA;NA;NA;NA;1;2;NA;139.1971312;MAINL;152.1116427;2363.79;256.3226461;1349.392685;21.20371021;82.07318725
Marion-Prince_Edward_Is.;Antarctic;South_Africa;12;NA;NA;NA;NA;1;1;NA;0.338046983;ISL;0;NA;42.57465278;2481.222222;-46.85955871;37.76015675
Coral_Sea_Is._Territory;Australasia;Australia;5;NA;NA;NA;NA;1;0;NA;0.010039825;ISL;0;NA;253.2727273;1702.090909;-14.71927942;145.6634742
West_Siberia;Asia_Temp;Russia;116;NA;NA;NA;NA;0;10;NA;2499.931373;MAINL;8.999615963;NA;-31.92443104;471.0535043;61.75671889;72.8366824
Tristan_da_Cunha;Antarctic;Saint_Helena._Ascension_and_Tristan_da_Cunha;83;NA;NA;NA;NA;0;9;NA;0.170952442;ISL;0.534221399;34266.97;105.6733068;2516.023904;-38.66545462;-11.15734365
Krasnoyarsk;Asia_Temp;Russia;73;NA;NA;NA;NA;0;7;NA;2351.459104;MAINL;1.571259901;15062;-98.29976743;401.2228438;66.84088675;95.86563691
Selvagens;Africa;Portugal;15;NA;NA;NA;NA;0;7;NA;0.001863877;ISL;0;NA;193;373;30.14296023;-15.86268648
Tuva;Asia_Temp;Russia;17;NA;NA;NA;NA;0;6;NA;169.6871046;MAINL;1.744364241;5911;-61.61755618;427.7214264;51.57947047;94.79308741
Altay;Asia_Temp;Russia;84;NA;NA;NA;NA;0;5;NA;263.3257894;MAINL;11.41035547;6244;5.471859779;443.9736601;51.96816239;84.13073238
Crozet_Is.;Antarctic;France;59;NA;NA;NA;NA;0;4;NA;0.353579768;ISL;0;31299.3;46.50166667;2393.416667;-46.34319821;51.61850122
Madhya_Pradesh;Asia_Trop;India;287;NA;NA;NA;NA;0;2;NA;306.1130911;MAINL;194.3654891;2364;252.764826;1050.802048;23.54588133;78.28086393
Delhi;Asia_Trop;India;277;NA;NA;NA;NA;0;2;NA;1.284364038;MAINL;7172.030401;9644;251.0502924;583.3894737;28.63934492;77.09583036
Goa;Asia_Trop;India;270;NA;NA;NA;NA;0;2;NA;4.202549459;MAINL;309.2069256;12831.02;266.4769382;2923.265162;15.35905217;74.07968645
Pondicherry;Asia_Trop;India;265;NA;NA;NA;NA;0;2;NA;0.342056609;MAINL;1705.63618;NA;282.9876238;1158.522277;11.90384245;79.74341416
Chandigarh;Asia_Trop;India;251;NA;NA;NA;NA;0;2;NA;0.139583858;MAINL;5170.63066;11594;240.6210526;984.6842105;30.72617784;76.76928938
Jharkhand;Asia_Trop;India;238;NA;NA;NA;NA;0;2;NA;79.16105526;MAINL;348.9970041;3477;251.2199082;1235.461911;23.65943494;85.58224459
Navassa_I.;America_S;US_Pacific;30;NA;NA;NA;NA;0;1;NA;0.002750925;ISL;0;NA;263.4;1687;18.40676308;-75.0154597
Ashmore-Cartier_Is.;Australasia;Australia;6;NA;NA;NA;NA;0;0;NA;0.000580758;ISL;0;NA;271;1221;-12.2740736;122.9686152
Zimbabwe;Africa;Zimbabwe;238;NA;NA;NA;15;2;10;NA;389.8588261;MAINL;32.24452891;723.2;204.7623358;673.6665421;-19.00000691;29.87176247
Zambia;Africa;Zambia;136;NA;NA;NA;8;2;7;NA;751.904017;MAINL;14.28820684;1066.64;212.2655845;1018.798848;-13.45307891;27.79788138
Aisen;America_S;Chile;59;NA;NA;NA;8;1;12;NA;76.67129567;MAINL;1.01814395;9344.71;66.82674258;1981.780357;-46.28323301;-73.3600189
Rwanda;Africa;Rwanda;229;NA;NA;NA;8;0;7;NA;25.14284574;MAINL;320.6051132;526;189.8926496;1148.047881;-1.997987311;29.91719523
Swaziland;Africa;Swaziland;315;NA;NA;NA;6;3;11;NA;17.12172023;MAINL;58.91348132;2956.7;197.3306347;858.2579505;-26.5621158;31.49719338
Malawi;Africa;Malawi;50;NA;NA;NA;5;0;9;NA;118.5238657;MAINL;96.77526102;481.42;220.5144027;1090.510885;-13.21511579;34.30698695
Tierra_del_Fuego_(Argentina);America_S;Argentina;136;NA;NA;NA;3;2;12;NA;20.89053005;MAINL;4.624491299;22277;47.05318637;445.5621149;-54.32992245;-67.42584236
Xinjiang;Asia_Temp;China;161;NA;1;NA;3;2;5;NA;1631.778294;MAINL;11.42405936;5883;51.97136616;106.8547311;41.12316666;85.25096208
Burundi;Africa;Burundi;187;NA;NA;NA;3;0;6;NA;27.1815728;MAINL;241.0124417;219.5;197.3615452;1192.276972;-3.356304234;29.88681075
Tocantins;America_S;Brazil;35;NA;NA;NA;1;2;7;NA;276.4727622;MAINL;4.295086599;11171.53;261.4163283;1679.907816;-10.1180597;-48.32330914
Chad;Africa;Chad;278;NA;NA;NA;1;1;6;NA;1271.887647;MAINL;6.501648147;736;269.2694787;315.3229441;15.3611377;18.66460375
Burkina;Africa;Burkina_Faso;149;NA;NA;NA;1;1;6;NA;272.3334353;MAINL;41.31807168;577.9;280.6697725;764.0182665;12.27792186;-1.739834269
Antipodean_Is.;Australasia;New_Zealand;36;NA;NA;NA;0;13;5;NA;0.860910406;ISL;0;NA;68.44987469;1429.771303;-50.99242823;167.927082
Mauritania;Africa;Mauritania;84;NA;0;3;NA;1;6;NA;1038.476244;MAINL;2.535624507;1201.8;276.5105399;91.10892999;20.25990345;-10.33225759
Eritrea;Africa;Eritrea;65;NA;0;3;2;1;5;NA;121.034946;MAINL;29.19627425;368.7;261.8953476;353.4690309;15.35884128;38.85291013
Durango;America_N;Mexico;52;NA;1;2;8;5;6;NA;120.400294;MAINL;14.60395313;10306;171.2475272;632.6216537;24.93494206;-104.920038
Benin;Africa;Benin;333;NA;0;2;1;1;6;NA;116.1731119;MAINL;62.05897834;1163.72;271.8131021;1063.100902;9.647652716;2.343259931
Aldabra;Africa;Seychelles;120;NA;0;1;NA;5;5;NA;0.183071149;ISL;0;NA;260.0790698;1074.223256;-9.412807798;46.38345351
Djibouti;Africa;Djibouti;42;NA;0;1;NA;1;6;NA;21.43429387;MAINL;27.17669672;1353;280.5091989;172.0853482;11.7498223;42.57794604
Nauru;Pacific;Nauru;368;NA;0;1;1;1;7;NA;0.028916421;ISL;368.2351111;6233.9;277.3939394;2060.121212;-0.522073311;166.9300834
Guinea-Bissau;Africa;Guinea-Bissau;48;NA;0;0;NA;1;6;NA;33.9694872;MAINL;39.40451718;1340.2;266.0594584;1700.296873;12.01619646;-14.98748338
St._Pierre-Miquelon;America_N;Saint-Pierre_and_Miquelon;198;NA;1;0;NA;1;2;NA;0.259445525;ISL;13.3440946;31299.3;49.65759637;1356.029478;46.92888261;-56.30527649
Svalbard;Europe;Norway;11;NA;0;0;NA;0;2;NA;1.94886734;ISL;0.009909523;36582.98;-56.86025708;325.1632795;78.70942796;21.70142481
Antarctica;Antarctic;Antarctica;2;NA;0;0;NA;0;0;NA;90.24035516;MAINL;NA;NA;NA;NA;-70.22768539;-63.92517379
Heard-McDonald_Is.;Antarctic;Heard_Island_and_McDonald_Islands;1;NA;0;0;NA;0;0;NA;0.402629766;ISL;0;NA;6.001285347;906.625964;-53.09067804;73.49727342
Chubut;America_S;Argentina;165;NA;0;0;5;1;12;NA;221.7166516;MAINL;1.870970694;16100;99.61283611;239.2092386;-43.79850246;-68.49107605
Neuquen;America_S;Argentina;186;NA;0;0;4;7;15;NA;93.58546868;MAINL;3.686918749;19853;102.2256938;431.471343;-38.64072006;-70.12494553
Santa_Cruz;America_S;Argentina;129;NA;0;0;4;1;12;NA;238.779053;MAINL;0.760155346;26257.32;78.47137133;230.3743923;-48.79279354;-69.88964308
La_Pampa;America_S;Argentina;177;NA;0;0;4;1;11;NA;142.7028999;MAINL;2.135750949;10875;152.3654758;448.1096835;-37.13294383;-65.44555016
San_Luis;America_S;Argentina;93;NA;0;0;4;1;11;NA;77.38618129;MAINL;4.816423825;9679;164.8071953;504.6382088;-33.75647931;-66.02890863
Zacatecas;America_N;Mexico;51;NA;1;0;3;3;6;NA;74.81841551;MAINL;18.47609142;8200;172.0846912;457.5334938;23.30936554;-102.6996886
Mendoza;America_S;Argentina;186;NA;1;0;1;3;10;NA;151.222536;MAINL;10.67915881;9302;118.195995;311.7008622;-34.59827794;-68.60836732
Greenland;America_N;Greenland;145;NA;0;0;1;0;3;NA;282.1136834;ISL;0.149420103;40447;-126.377196;300.2724332;75.89220458;-43.35223699
Mauritius;Africa;Mauritius;31;35;2;15;15;23;12;NA;2.055545627;ISL;554.8621203;7772.1;224.5760657;1823.39695;-20.19562027;57.55521154
Northern_Marianas;Pacific;Northern_Mariana_Islands;372;29;1;5;2;7;9;NA;0.6139767;ISL;100.9820286;13600;260.1830239;1941.438992;16.25570463;145.5878321
Tubuai_Is.;Pacific;French_Polynesia;590;28;NA;NA;NA;2;5;NA;0.098864971;ISL;35.33960119;NA;228.3821138;1993.861789;-23.09392209;-150.0686054
Christmas_I.;Asia_Trop;Christmas_Island;176;23;0;6;NA;3;4;NA;0.123982362;ISL;3.323547691;41107.48;260.4863014;1790.027397;-10.44411526;105.7036983
Saudi_Arabia;Asia_Temp;Saudi_Arabia;50;21;0;2;7;11;7;NA;1954.702084;MAINL;10.85549439;19326.6;245.6916525;93.99392471;24.02338171;44.58510242
Guadeloupe;America_S;Guadeloupe;17;20;3;4;NA;13;9;NA;1.683878128;ISL;219.9275641;NA;247.9530562;1943.055746;16.20471476;-61.52963332
North_Yemen;Asia_Temp;Yemen;265;14;NA;NA;NA;2;6;NA;133.8353701;MAINL;109.6620524;NA;219.1604621;187.4265311;15.42218908;44.38421054
Oman;Asia_Temp;Oman;40;13;0;2;3;11;5;NA;308.968624;MAINL;7.797801359;20922.7;263.164656;59.29730571;20.60235556;56.11008523
Curacao;America_S;Curacao;47;13;2;2;1;5;8;NA;0.473489683;ISL;263.7302244;20001;272.9767442;560.5796064;12.18779752;-68.96749055
Karnataka;Asia_Trop;India;376;12;NA;NA;NA;0;3;NA;189.3319552;MAINL;272.0747324;4033;253.4897688;1157.635645;14.68692199;76.1848651
Jalisco;America_N;Mexico;95;12;0;2;9;3;6;NA;79.62159556;MAINL;83.95925234;11486;199.1021029;926.8124943;20.59876629;-103.6219003
British_Virgin_Is.;America_S;British_Virgin_Islands;246;12;2;1;NA;3;10;NA;0.158088809;ISL;78.08633723;NA;261.0808081;1116.777778;18.50995704;-64.48189202
Cocos_(Keeling)_Is.;Asia_Trop;Cocos_(Keeling)_Islands;58;11;0;3;NA;1;1;NA;0.028737393;ISL;7.357715387;41107.48;265.8157895;1940.342105;-12.17188243;96.85559708
Kerala;Asia_Trop;India;374;10;NA;NA;NA;0;2;NA;38.55074668;MAINL;793.1375401;5003;258.4671292;2808.036504;10.46869272;76.40455815
Aruba;America_S;Aruba;32;10;2;7;NA;3;5;NA;0.206395579;ISL;412.2044687;24289.1;273.1653226;419.2217742;12.51668736;-69.97713313
Kiribati_Line_Is.;Pacific;Kiribati;132;10;0;2;2;1;6;NA;0.610136541;ISL;5.910507088;1539.1;277.8765778;1062.981767;0.852244772;-157.1849743
Juan_Fernandez_Is.;America_S;Chile;211;10;0;0;NA;2;9;NA;0.151656739;ISL;0;12526.56;153.7276995;997.1079812;-33.66269944;-79.537658
Tamil_Nadu;Asia_Trop;India;439;9;NA;NA;NA;0;2;NA;130.0814113;MAINL;471.7280003;4590;274.3912948;936.4639864;11.00541379;78.4041776
West_Bengal;Asia_Trop;India;350;9;NA;NA;NA;0;2;NA;82.43543412;MAINL;934.8107151;3153;259.9878689;1629.739758;23.67171975;87.97270501
Chagos_Archipelago;Africa;United_Kingdom;130;9;0;1;NA;6;3;NA;0.104454823;ISL;0;NA;273.1666667;2482.391667;-7.081251358;72.28982913
Cayman_Is.;America_S;Cayman_Islands;218;8;1;8;1;7;8;NA;0.306388469;ISL;103.9246478;58857;264.0379404;1335.680217;19.431525;-80.82909683
Singapore;Asia_Trop;Singapore;221;8;1;6;77;33;9;NA;0.555444048;ISL;6193.555677;46596.7;268.8828968;2405.918336;1.351180381;103.8076536
Anguilla;America_S;Anguilla;29;8;1;4;NA;4;6;NA;0.094676314;ISL;109.1028438;19478;270.1551724;974.9568966;18.22423294;-63.05795609
Morelos;America_N;Mexico;66;8;0;3;11;7;6;NA;5.001573226;MAINL;367.3793586;8380;217.5571405;957.57562;18.75832012;-99.07010981
Meghalaya;Asia_Trop;India;276;7;NA;NA;NA;1;2;NA;22.51664666;MAINL;106.5898138;3133;214.0746171;3914.385722;25.53506569;91.28002793
Jammu-Kashmir;Asia_Trop;India;339;7;NA;NA;NA;1;1;NA;187.6742215;MAINL;74.76494016;NA;11.85213093;383.7441075;34.53843846;75.83898112
Himachal_Pradesh;Asia_Trop;India;571;7;NA;NA;NA;0;6;NA;55.16733231;MAINL;110.7376566;4844;85.16395823;1102.09621;31.91191756;77.25169639
Punjab;Asia_Trop;India;307;7;NA;NA;NA;0;2;NA;50.98465453;MAINL;481.3516193;5029;241.5471543;641.8126689;30.84687226;75.4150735
Bonaire;America_S;Carribean_Netherlands;54;7;2;2;NA;4;7;NA;0.31849296;ISL;30.25247419;18090.4;274.6155844;455.7168831;12.18797808;-68.28454164
St._Martin-St._Barthelemy;America_S;Saint_Barthelemy;29;7;1;1;NA;2;11;NA;0.086936431;ISL;367.9595641;31299.3;268.9099099;1026.279279;18.02520131;-62.98530669
Nuevo_Leon;America_N;Mexico;72;7;1;1;14;5;7;NA;65.05866325;MAINL;60.6619272;21620.74;206.7337721;548.4742563;25.57799528;-99.95925882
Sikkim;Asia_Trop;India;302;6;NA;NA;NA;1;2;NA;7.276306679;MAINL;73.94132997;5645;64.04888239;1217.370796;27.56360331;88.46613051
Valparaiso;America_S;Chile;311;6;NA;NA;8;3;10;NA;16.06664276;MAINL;95.18601614;9908;119.1715389;376.1824958;-32.7937111;-70.97797856
Ceara;America_S;Brazil;108;6;NA;NA;4;2;7;NA;149.4905317;MAINL;48.79826192;3871;257.7238114;857.8519826;-5.10290094;-39.62316019
Rajasthan;Asia_Trop;India;321;5;NA;NA;NA;1;2;NA;341.9993137;MAINL;163.156628;2882;258.8595627;430.773841;26.5856744;73.84865296
Cyprus;Asia_Temp;Cyprus;143;5;0;2;13;2;9;NA;9.25882162;ISL;82.22321411;30438.9;178.4752927;515.135016;35.04300313;33.21867825
Bolivia;America_S;Bolivia;198;5;0;1;10;2;8;NA;1086.530726;MAINL;7.62553214;1934.7;204.2344051;1149.482314;-16.71511345;-64.67053986
Henan;Asia_Temp;China;171;4;NA;NA;NA;2;5;NA;166.0300341;MAINL;553.0589277;5805;141.7225558;750.0872946;33.87827834;113.6069562
Assam;Asia_Trop;India;297;4;NA;NA;NA;1;2;NA;79.09062639;MAINL;332.7303922;2080.76;237.8481453;2407.934783;26.3430472;92.8312049
Gujarat;Asia_Trop;India;292;4;NA;NA;NA;1;2;NA;185.0416106;MAINL;262.2983975;5185;267.5102965;683.3251254;22.70479161;71.55597905
Arunachal_Pradesh;Asia_Trop;India;282;4;NA;NA;NA;1;2;NA;82.03038929;MAINL;14.84962594;3650;144.8970352;1857.529565;28.03303338;94.66391147
Manipur;Asia_Trop;India;259;4;NA;NA;NA;1;2;NA;21.74258218;MAINL;107.4419651;2061;200.7103172;1899.056204;24.72499615;93.88349026
Johnston_I.;Pacific;US_Pacific;24;4;NA;NA;NA;0;2;NA;0.001200417;ISL;0;NA;262;635;16.72861477;-169.5338036
Libya;Africa;Libya;147;4;0;2;NA;0;3;NA;1617.575828;MAINL;3.245395631;12378.5;216.7169977;31.05514982;27.04405009;18.02318175
Michoacan;America_N;Mexico;92;4;0;1;14;3;6;NA;59.40522433;MAINL;70.31833823;7416;212.5935578;994.9836155;19.21129264;-101.8797259
Macau;Asia_Temp;China;83;4;0;0;NA;1;5;NA;0.006806896;MAINL;35021.46392;53046;227.6;1815.1;22.1995404;113.5449681
Guanajuato;America_N;Mexico;57;4;0;0;8;3;6;NA;30.38918443;MAINL;154.4325655;9607;179.9183759;648.0659575;20.89378567;-101.0210804
Mexico_Distrito_Federal;America_N;Mexico;76;4;0;0;3;10;6;NA;1.340683588;MAINL;6141.507871;8286.94;138.7204819;926.7277108;19.27289093;-99.1287943
Jiangsu;Asia_Temp;China;234;3;NA;NA;NA;2;5;NA;99.52762073;MAINL;702.2621835;12446;148.5225284;929.1092862;32.97741605;119.4393083
Uttar_Pradesh;Asia_Trop;India;316;3;NA;NA;NA;0;2;NA;244.2105169;MAINL;692.9110656;2051;253.4127589;1012.988686;26.94462298;80.54340217
Orissa;Asia_Trop;India;283;3;NA;NA;NA;0;2;NA;148.9534152;MAINL;241.0645119;2826;259.6601163;1401.617295;20.56641205;84.50456397
Sergipe;America_S;Brazil;46;3;NA;NA;3;2;8;NA;21.47686283;MAINL;78.59490519;4863;244.4659749;983.5113156;-10.58053533;-37.44585369
Roraima;America_S;Brazil;42;3;NA;NA;1;2;7;NA;224.9210736;MAINL;1.473617863;7693.31;262.0107526;1872.122326;2.069108653;-61.40128747
Queretaro;America_N;Mexico;58;3;0;2;5;4;6;NA;12.06703606;MAINL;114.9967484;13624.14;181.748873;733.075842;20.84527276;-99.84580705
Liberia;Africa;Liberia;141;2;NA;NA;NA;2;6;NA;96.02580743;MAINL;31.82445837;326.6;255.9805377;2690.574377;6.448116623;-9.307850737
Tripura;Asia_Trop;India;256;2;NA;NA;NA;1;2;NA;10.44806016;MAINL;315.7434249;2880;249.4714543;2291.742338;23.7399447;91.73472672
Bihar;Asia_Trop;India;288;2;NA;NA;NA;0;2;NA;94.02323657;MAINL;858.391943;1453;255.3604692;1135.714901;25.67250309;85.60035916
Haryana;Asia_Trop;India;283;2;NA;NA;NA;0;2;NA;44.09318986;MAINL;470.2204655;6317;249.0117983;561.9661161;29.19180804;76.32365516
Congo;Africa;Congo;56;2;NA;NA;9;0;7;NA;344.0436052;MAINL;10.00509226;2183.4;245.0303472;1654.783407;-0.840074754;15.22427245
Rondonia;America_S;Brazil;32;2;NA;NA;2;2;7;NA;238.4472344;MAINL;6.004791058;7693.31;248.2882315;1885.823955;-10.92011687;-62.84391904
Alagoas;America_S;Brazil;72;2;NA;NA;1;2;7;NA;28.01448713;MAINL;101.0849367;3309;241.8722117;1068.870466;-9.512672396;-36.62650544
Clipperton_I.;America_S;France;8;2;0;1;NA;0;1;NA;0.007363246;ISL;0;NA;268.875;193.875;10.29770781;-109.2192906
Tlaxcala;America_N;Mexico;39;2;0;0;2;4;6;NA;4.091477953;MAINL;338.3302056;6221;137.8348787;753.5176563;19.41546267;-98.13974237
Netherlands_Leeward_Is.;America_S;Sint_Maarten;35;1;NA;NA;NA;5;13;NA;0.08286499;ISL;367.1594593;NA;267.15;1072.02;17.85982296;-63.03120108
Heilongjiang;Asia_Temp;China;151;1;NA;NA;NA;1;5;NA;451.48888;MAINL;80.23840468;6395;8.454532438;553.5969856;47.86654263;127.7523268
Qinghai;Asia_Temp;China;118;1;NA;NA;NA;1;5;NA;734.1538179;MAINL;7.021445223;5671;-21.00357305;294.7405979;35.77342914;96.04684807
Gansu;Asia_Temp;China;148;1;NA;NA;NA;1;4;NA;380.4545264;MAINL;65.49789271;7295.74;58.66668748;306.8589996;37.73762835;101.2225229
Ningxia;Asia_Temp;China;109;1;NA;NA;NA;1;4;NA;51.93857218;MAINL;106.3998646;7295.74;77.09801806;307.7158424;37.27292648;106.1541306
Uttaranchal;Asia_Trop;India;337;1;NA;NA;NA;1;2;NA;50.88388154;MAINL;138.1591189;2051.13;122.8198694;1427.695416;30.17093669;79.26128662
Mizoram;Asia_Trop;India;251;1;NA;NA;NA;1;2;NA;20.85110398;MAINL;42.35676402;2080.76;226.0175783;2481.039268;23.29777463;92.83116618
Laccadive_Is.;Asia_Trop;India;28;1;NA;NA;NA;1;0;NA;0.060507634;ISL;497.4902336;3477;276.44;1755.84;9.907591042;72.88334886
Niger;Africa;Niger;37;1;NA;NA;NA;0;6;NA;1182.025788;MAINL;9.945330854;502.51;271.0273871;133.8480471;17.42632346;9.397650573
Lesotho;Africa;Lesotho;206;1;NA;NA;4;4;6;NA;30.53912744;MAINL;58.32062067;1078.83;115.2778592;753.1686697;-29.58100531;28.24284307
La_Araucania;America_S;Chile;301;1;NA;NA;4;3;11;NA;32.6512719;MAINL;25.95160073;NA;101.4119123;1555.618043;-38.62280503;-72.24781466
Northern_Cape_Province;Africa;South_Africa;389;1;NA;NA;2;5;10;NA;362.3512324;MAINL;2.383913249;6975.41;175.4510768;236.2220767;-29.52566363;21.34693074
North_Korea;Asia_Temp;Korea._Democratic_People's_Republic_of;71;1;NA;NA;1;2;5;NA;122.2921626;MAINL;173.8535684;1800;57.84565258;1005.233506;40.1428471;127.1805274
Namibia;Africa;Namibia;275;1;0;2;9;3;20;NA;804.6509794;MAINL;NA;4244.89;198.0679278;275.1285022;-22.23553957;17.07189693
Puebla;America_N;Mexico;93;1;0;1;7;4;6;NA;34.22946785;MAINL;143.1588751;7866;183.9915136;1022.851949;19.00092067;-97.88545764
Central_African_Republic;Africa;Central_African_Republic;57;1;0;1;5;0;6;NA;618.5751323;MAINL;5.953591829;456.6;248.9981141;1367.884122;6.571447681;20.48276784
Santa_Fe;America_S;Argentina;111;1;0;1;0;1;12;NA;133.7239573;MAINL;22.88824727;NA;189.2358474;970.4917975;-30.69496137;-60.94508102
Revillagigedo_Is.;America_N;Mexico;47;1;0;0;NA;1;7;NA;0.227527926;ISL;0;NA;237.2614841;291.3922261;18.77973887;-111.4100739
Aguascalientes;America_N;Mexico;28;1;0;0;5;2;6;NA;5.598890215;MAINL;169.5926364;12449;170.9472415;543.4631967;22.01122575;-102.3623764
Qatar;Asia_Temp;Qatar;127;1;0;0;1;5;7;NA;11.11010513;MAINL;48.16622387;71510.2;268.2768019;73.10581347;25.3158069;51.19120334
Entre_Rios;America_S;Argentina;199;1;0;0;1;1;10;NA;78.07166115;MAINL;15.23295894;6187;182.0840917;1059.31227;-32.04369456;-59.20346947
Catamarca;America_S;Argentina;83;1;0;0;0;2;9;NA;99.17477482;MAINL;3.323339345;14428;110.4231626;197.6597047;-27.28561;-66.99582679
Salta;America_S;Argentina;134;1;1;0;0;1;9;NA;155.9144162;MAINL;7.036293242;5072;165.2364836;513.5618678;-24.28970972;-64.82350508
Hawaiian_Is.;Pacific;US_Pacific;1428;62;7;25;51;91;16;48;16.85873204;ISL;67.75739458;43047;184.7580292;1707.970885;20.26898313;-156.3663379
California;America_N;USA;1753;25;9;16;29;35;23;39;407.7590096;MAINL;81.51516608;44046;136.3018011;543.3102782;37.23999046;-119.5874549
Florida;America_N;USA;1473;66;4;54;41;37;20;30;146.5850311;MAINL;104.7418147;39587;213.1279684;1348.328847;28.65142195;-82.48405094
Germany;Europe;Germany;451;1;2;2;22;10;18;27;357.5751669;MAINL;229.6564168;34230.11;83.8995088;729.1062032;51.11015178;10.39233019
Texas;America_N;USA;1025;35;0;10;20;10;23;24;684.9676109;MAINL;30.37696898;39107;181.1072969;693.4768881;31.49694154;-99.35743679
St._Helena;Africa;St_Helena;252;10;0;1;NA;12;6;24;0.133030751;ISL;30.22239697;34266.97;188.3043478;628.2484472;-15.96202459;-5.717275315
Seychelles;Africa;Seychelles;425;42;1;5;3;12;9;22;0.328505229;ISL;199.2894719;10805.1;258.7279793;2225.979275;-4.70189449;55.5220677
Quebec;America_N;Canada;862;4;0;1;3;7;15;22;1513.232578;MAINL;4.861969819;32322;-30.52977393;773.03591;53.38114914;-71.75499676
Massachusetts;America_N;USA;1496;5;1;2;6;7;10;21;21.0549405;MAINL;295.7174818;53152;84.46192909;1167.199559;42.25862899;-71.80907678
Great_Britain;Europe;United_Kingdom;1666;2;NA;NA;24;27;30;21;231.1395221;ISL;238.4236844;34266.97;84.24037762;976.6966175;54.1326318;-2.667712547
Louisiana;America_N;USA;927;35;3;3;7;7;7;19;119.1400896;MAINL;37.49380857;38373;189.1394661;1465.557815;31.07581713;-92.01956256
Belgium;Europe;Belgium;508;2;4;0;23;11;11;19;30.64069518;MAINL;336.5305715;35558.52;94.41168813;859.2642223;50.64294584;4.664357678
Alabama;America_N;USA;1124;27;1;5;7;9;9;18;134.4285044;MAINL;33.3821555;34711;169.6995874;1446.02262;32.79389912;-86.82906784
Italy;Europe;Italy;478;8;4;7;57;12;19;18;250.6981;MAINL;200.1141969;28381;115.329212;862.5195182;43.52546164;12.15502009
France;Europe;France;716;7;9;3;30;14;20;18;539.383641;MAINL;107.5028665;31299.3;104.5205467;817.0494708;46.63137208;2.451504245
New_York;America_N;USA;1598;6;0;3;10;11;8;18;137.0279773;MAINL;132.8922145;50347;71.33754792;1029.946285;42.99492034;-75.69458709
Spain;Europe;Spain;454;17;5;8;26;12;17;17;493.5032149;MAINL;75.8077209;27332.01;130.3762385;613.9512769;40.39193845;-3.557131176
British_Columbia;America_N;Canada;934;3;3;5;5;9;22;17;770.8572486;MAINL;3.170484941;35304;5.66060509;707.9317292;55.02287816;-124.4698285
Netherlands;Europe;Netherlands;230;1;2;3;20;10;12;17;35.78707354;MAINL;438.5309283;38189.65;92.79952834;781.9462451;52.25357257;5.600984813
Georgia;America_N;USA;1035;28;2;5;5;8;11;16;152.4684039;MAINL;54.0986798;2613.8;174.3834428;1283.263549;32.65409017;-83.4466779
Pennsylvania;America_N;USA;1404;4;0;3;7;8;8;16;118.9946702;MAINL;103.7613023;42067;88.63382102;1057.625358;40.89843684;-77.83950118
Czech_Republic;Europe;Czech_Republic;249;NA;0;2;18;4;16;15;78.75163077;MAINL;130.4851696;23394.38;73.55211094;663.2972992;49.74303445;15.33833451
Cuba;America_S;Cuba;542;25;1;6;16;13;28;15;109.9777393;ISL;99.27624372;5702;250.4276741;1328.684941;21.62012559;-79.03522543
Queensland;Australasia;Australia;1263;22;1;4;20;12;21;15;1728.807535;MAINL;2.019356586;38735.71;228.6028642;632.8131355;-22.57378083;144.5481729
Venezuela;America_S;Venezuela;101;18;2;4;6;3;9;15;910.2204241;MAINL;26.19574062;8124.9;255.971538;1940.867732;7.118817222;-66.16904087
Panama;America_S;Panama;96;12;2;5;14;4;7;15;74.53063985;MAINL;39.05574282;10188.04;250.7152355;2565.35443;8.505429137;-80.10899702
Peru;America_S;Peru;360;10;0;1;13;5;10;15;1290.870482;MAINL;19.70234443;7410.98;191.9370442;1560.540029;-9.163772192;-74.37540458
Washington;America_N;USA;1083;6;2;2;6;12;14;15;174.4459904;MAINL;32.41466113;44123;75.82298874;1023.755226;47.38672446;-120.4312306
Ontario;America_N;Canada;1108;2;0;1;11;7;11;15;1076.067236;MAINL;10.78885215;38361;5.156799204;729.0453371;50.07309622;-85.83256685
Switzerland;Europe;Switzerland;93;2;1;0;15;5;11;15;41.50741162;MAINL;173.3302763;39985.63;49.88114411;1330.32913;46.80257618;8.234587165
Canary_Is.;Africa;Spain;548;23;3;8;NA;12;15;14;7.521101562;ISL;201.1212193;27332.01;175.776362;286.6679041;28.33813028;-15.67748558
New_Jersey;America_N;USA;1174;3;0;3;6;7;8;14;19.83563794;MAINL;414.4451122;52981;111.6947828;1155.72696;40.18920093;-74.66262909
Maine;America_N;USA;889;2;1;0;3;6;9;14;84.02845905;MAINL;14.77192937;38087;47.23646875;1070.016143;45.39587882;-69.22759999
Oregon;America_N;USA;1118;1;1;2;6;10;14;14;251.3285376;MAINL;13.62377372;37625;76.1216451;779.755103;43.94031794;-120.5408757
North_Carolina;America_N;USA;1106;13;0;2;8;7;8;13;128.2246348;MAINL;62.48905997;36268;147.7723076;1261.171479;35.54958921;-79.38015679
Virginia;America_N;USA;1065;8;0;4;2;8;10;13;103.8825701;MAINL;67.95468331;45862;126.8367627;1090.134207;37.52180057;-78.82589678
Ohio;America_N;USA;1137;5;0;2;8;8;6;13;116.4279552;MAINL;98.47878553;37465;101.3779881;969.6553443;40.41552797;-82.70728238
Galapagos;America_S;Ecuador;263;42;0;4;1;4;10;12;7.940465089;ISL;2.110425849;15568;225.8273861;679.7857911;-0.562230836;-90.89331315
Dominican_Republic;America_S;Dominican_Republic;65;19;2;6;10;12;8;12;48.41703903;ISL;168.4800361;5295.4;240.0623077;1366.496472;18.89309066;-70.48543965
Colombia;America_S;Colombia;296;19;2;1;36;6;10;12;1135.625489;MAINL;36.76898042;7534.48;245.8377386;2670.69802;3.899940025;-73.07536004
Costa_Rica;America_S;Costa_Rica;280;17;2;7;10;2;7;12;51.06422465;MAINL;76.46601651;9939.32;234.8860899;2970.630093;9.970483318;-84.18900416
Portugal;Europe;Portugal;254;9;2;3;18;5;7;12;88.59515551;MAINL;107.4681613;19785.7;149.5182443;845.5987596;39.69200296;-7.962367688
Illinois;America_N;USA;1050;3;0;1;11;7;6;12;150.1770812;MAINL;83.20943915;43554;108.9606391;971.0322055;40.12111514;-89.15471894
Indiana;America_N;USA;813;3;0;1;9;8;6;12;94.7539246;MAINL;64.54975172;35205;107.9597893;1030.670965;39.91382309;-86.28535884
Rhode_Island;America_N;USA;695;2;1;0;3;6;7;12;2.727363082;MAINL;343.1616659;43508;95.02255109;1200.856707;41.68389685;-71.55994566
Poland;Europe;Poland;386;1;0;2;22;3;12;12;311.6938266;MAINL;123.6752676;16700.9;76.14066704;595.9208902;52.12472508;19.4009187
Hungary;Europe;Hungary;141;1;0;2;18;2;10;12;92.98874668;MAINL;109.7917608;16556.2;103.6831965;587.1970305;47.1665173;19.41351505
Slovakia;Europe;Slovakia;162;NA;0;1;17;2;12;11;48.93627098;MAINL;110.4622606;19288.38;76.65196078;746.0723097;48.71130651;19.50871249
Austria;Europe;Austria;257;NA;0;1;15;5;12;11;83.95692921;MAINL;96.62948597;38586;57.58577733;1043.934821;47.59295853;14.13999212
New_Caledonia;Pacific;New_Caledonia;67;34;1;3;9;7;9;11;19.23099039;ISL;9.191245605;36789;218.9294103;1621.085239;-21.29461419;165.6718498
Puerto_Rico;America_S;Puerto_Rico;795;30;6;4;42;44;13;11;9.245955584;ISL;407.6335436;26435.7;243.0822651;1794.275593;18.22091539;-66.46614558
Mississippi;America_N;USA;795;25;1;1;7;6;7;11;124.047935;MAINL;22.85147929;32190;173.298727;1454.101323;32.75582597;-89.67327133
Greece;Europe;Greece;136;8;1;4;12;3;9;11;117.5475231;MAINL;81.69674354;25225.52;137.1984357;689.8482571;39.36723826;22.67457493
Michigan;America_N;USA;1082;1;1;1;7;11;8;11;250.7822571;MAINL;39.85455288;35965;63.32148281;811.743222;44.88051006;-85.7362084
Minnesota;America_N;USA;613;NA;NA;NA;9;8;6;10;225.0232056;MAINL;22.01075602;44340;47.41236792;674.2397836;46.34787407;-94.1991062
Jamaica;America_S;Jamaica;23;19;4;1;4;12;9;10;11.03859502;ISL;229.2749681;4917;239.5830446;1835.127829;18.15132857;-77.31974834
Madeira;Africa;Portugal;800;16;3;3;1;4;11;10;0.82515434;ISL;276.6422416;19785.7;155.279965;664.5371829;32.76736726;-16.94699093
Arizona;America_N;USA;644;14;5;6;15;11;9;10;294.3127009;MAINL;17.50049038;35783;150.1995882;320.6476448;34.29669616;-111.6575963
Azores;Africa;Portugal;760;12;2;2;6;6;12;10;2.102082761;ISL;94.73782702;19785.7;159.4064702;1114.956118;38.2706244;-27.06916208
Maryland;America_N;USA;1176;7;0;2;6;8;13;10;25.93121051;MAINL;200.2899709;50789;121.938527;1075.343086;39.04679397;-76.79724029
Colorado;America_N;USA;588;3;1;1;9;7;11;10;271.0326308;MAINL;15.97425025;43819;63.99277082;434.2335047;38.99914653;-105.5337039
Wisconsin;America_N;USA;857;NA;NA;NA;8;8;9;9;169.7071265;MAINL;31.87636622;39602;61.40086924;808.2122342;44.64217154;-89.73838902
Kansas;America_N;USA;543;NA;0;3;6;5;6;9;211.9797519;MAINL;12.63162911;40381;123.7823513;705.6523528;38.48363463;-98.36925056
Denmark;Europe;Denmark;430;NA;1;1;10;4;13;9;42.95866053;MAINL;118.5763361;33716.83;77.6578075;707.5920324;55.96231824;10.05081371
Finland;Europe;Finland;125;NA;0;0;10;3;11;9;335.9284282;MAINL;14.78816997;32991.91;12.94470225;560.9272389;64.49433632;26.2588367
South_Carolina;America_N;USA;967;20;0;2;3;7;6;9;80.5320285;MAINL;49.70525022;33631;168.4112761;1237.850044;33.91755375;-80.90042082
Marshall_Is.;Pacific;Marshall_Islands;87;17;0;4;1;1;8;9;0.129283486;ISL;22.32997669;NA;275.7597403;2860.785714;8.421679955;168.6103942
Sao_Paulo;America_S;Brazil;315;12;NA;NA;12;2;17;9;247.739729;MAINL;152.38774;12705;208.1667493;1353.790935;-22.26103654;-48.7218507
Ecuador;America_S;Ecuador;595;12;1;2;3;4;8;9;247.9049361;MAINL;49.07902171;5520;208.6953545;2037.137322;-1.452910023;-78.39320695
Tennessee;America_N;USA;725;9;NA;NA;8;6;8;9;108.9391969;MAINL;52.35077706;36179;139.6975207;1356.456803;35.85105204;-86.34752902
New_South_Wales;Australasia;Australia;1820;7;1;2;17;22;18;9;802.4197366;MAINL;7.911096416;40423.15;171.4614427;574.9048596;-32.17021086;147.0127743
Rio_Grande_do_Sul;America_S;Brazil;229;6;NA;NA;10;4;9;9;271.2311515;MAINL;37.76260722;9921;185.7884933;1560.606409;-29.7333324;-53.31727159
Sardegna;Europe;Italy;149;4;NA;NA;NA;5;23;9;24.13712352;ISL;62.06793406;28380.92;149.6457471;631.2866478;40.09088088;9.030029004
Oklahoma;America_N;USA;558;4;0;1;6;6;7;9;181.1432159;MAINL;19.18704296;36664;153.788874;864.9767103;35.58437196;-97.50981445
Kentucky;America_N;USA;839;1;0;1;6;9;7;9;104.139627;MAINL;38.75346852;33480;129.1585069;1222.560034;37.52748969;-85.28771942
Romania;Europe;Romania;108;1;0;0;19;2;9;9;237.3755697;MAINL;92.42396304;9376.19;90.02732748;625.908075;45.84359796;24.96918232
Ireland;Europe;Ireland;363;NA;0;1;15;4;15;8;69.70226063;ISL;52.29332402;47903.7;91.9078883;1100.563053;53.17707634;-8.151586847
Slovenia;Europe;Slovenia;85;NA;2;0;4;4;7;8;20.41074297;MAINL;96.2702441;24901.65;88.4017831;1180.792254;46.12355026;14.82707444
Macedonia;Europe;The_former_Yugoslav_Republic_of_Macedonia;6;NA;0;0;1;1;6;8;25.48408561;MAINL;79.85150314;7626.39;97.44203063;642.8257008;41.59971255;21.69811403
Society_Is.;Pacific;French_Polynesia;1376;39;0;2;NA;15;8;8;1.529730388;ISL;107.9708321;NA;242.4505319;2046.846809;-17.45187799;-149.8832556
Virgin_Is.;America_S;US_Virgin_Islands;284;23;1;3;2;17;13;8;0.355358822;ISL;255.6126902;41376;260.9076212;1121.621247;17.96788989;-64.78692721
Cook_Is.;Pacific;Cook_Islands;747;21;0;14;3;3;8;8;0.201042446;ISL;64.73903556;NA;243.0967742;2016.112903;-20.68746738;-158.7919122
Haiti;America_S;Haiti;149;18;2;2;3;11;9;8;27.2580857;ISL;277.8024994;1269.05;239.4774515;1521.183653;18.93899332;-72.68358029
Northern_Territory;Australasia;Australia;172;13;1;3;5;5;18;8;1348.777592;MAINL;0.149358649;49603;248.2037405;555.8923116;-19.41428342;133.3652138
New_Mexico;America_N;USA;558;9;1;2;5;5;14;8;315.0949299;MAINL;5.823703988;34543;115.1007373;353.6991688;34.42306424;-106.1076877
Missouri;America_N;USA;891;4;0;1;7;8;6;8;180.4184312;MAINL;31.24129255;38125;124.3107663;1040.029587;38.37437865;-92.49049605
District_of_Columbia;America_N;USA;551;4;0;1;3;4;6;8;0.160019632;MAINL;3617.940591;73257;129.9327731;1042.932773;38.91161047;-77.00958958
Connecticut;America_N;USA;1109;2;1;2;5;6;7;8;12.84437342;MAINL;260.8719415;56193;91.88779951;1212.773148;41.62574308;-72.72758095
Nebraska;America_N;USA;486;1;1;0;6;6;7;8;200.155872;MAINL;8.674658983;40958;91.81184533;576.1917888;41.52790501;-99.79214759
Madagascar;Africa;Madagascar;517;44;2;7;26;4;16;7;592.9964101;ISL;27.15092265;414.1;228.8273005;1383.706731;-19.37352737;46.70598974
Sri_Lanka;Asia_Trop;Sri_Lanka;365;18;1;1;16;2;9;7;66.28851427;ISL;294.5038687;4065.56;265.1706852;1877.459435;7.612357088;80.70426571
Western_Australia;Australasia;Australia;1147;14;1;2;10;18;26;7;2527.723999;MAINL;0.707458022;56521.66;223.2352726;335.2161428;-25.46607155;122.1782044
Malta;Europe;Malta;118;9;1;3;2;3;9;7;0.370393815;ISL;1041.779296;19694.1;183.7132075;517.7245283;35.92036651;14.40457358
Rio_de_Janeiro;America_S;Brazil;207;8;NA;NA;17;5;11;7;43.93607597;MAINL;317.4855139;10699;215.1438601;1329.44212;-22.19033651;-42.66603589
Utah;America_N;USA;644;3;3;4;4;6;10;7;219.9815241;MAINL;10.21649728;33688;81.9731337;318.4350302;39.32520384;-111.6746324
Bulgaria;Europe;Bulgaria;610;3;0;1;16;1;9;7;111.0062242;MAINL;71.70972748;10588.96;102.1650038;609.425399;42.76135302;25.2313767
Ukraine;Europe;Ukraine;626;2;0;3;2;4;11;7;572.1118916;MAINL;81.24009111;5889.9;79.68235221;572.1903657;49.17189131;31.26554566
New_Hampshire;America_N;USA;678;2;1;0;3;8;7;7;24.20110994;MAINL;51.23440607;45272;58.09719189;1130.904529;43.68999511;-71.5792793
Vermont;America_N;USA;780;1;NA;NA;5;6;8;7;24.70195748;MAINL;24.2587166;41580;54.93515247;1078.700118;44.08247962;-72.65980015
Nova_Scotia;America_N;Canada;674;1;NA;NA;1;4;8;7;55.34008893;MAINL;15.74105201;29686;57.72668151;1336.759451;45.14835243;-63.30227022
Northwest_European_Russia;Europe;Russia;302;NA;NA;NA;NA;1;8;6;195.1977656;MAINL;32.6777023;NA;40.12194272;652.903581;58.78055975;31.24102708
West_Virginia;America_N;USA;774;NA;NA;NA;4;6;7;6;62.52266016;MAINL;28.88193943;33196;105.3704657;1142.703713;38.64123998;-80.61195464
Newfoundland;America_N;Canada;415;NA;NA;NA;1;3;13;6;111.8742977;ISL;4.126783519;33941.54;34.9796769;1248.653878;48.72054151;-56.02873455
Croatia;Europe;Croatia;300;NA;0;1;10;3;11;6;56.20355709;MAINL;78.94681299;14672.2;109.4311139;996.8608755;45.04415067;16.40686294
Sweden;Europe;Sweden;874;NA;1;0;15;4;12;6;444.4754417;MAINL;18.81613856;36132.56;22.83235444;628.601754;62.76427047;16.73783287
Alaska;America_N;USA;288;NA;2;0;0;1;21;6;1302.450175;MAINL;0.384246936;45826;-60.72612274;375.1608133;64.89113421;-153.6829385
Ogasawara-shoto;Asia_Temp;Japan;84;28;NA;NA;4;3;8;6;0.076529656;ISL;13.11258796;NA;227.7979798;1354.79798;27.00808255;142.1178032
Bahamas;America_S;Bahamas;45;26;4;11;4;13;10;6;12.81295752;ISL;17.44358153;21940.7;251.7671777;1040.366579;24.1666829;-76.5004385
St._Kitts-Nevis;America_S;Saint_Kitts_and_Nevis;44;14;2;2;NA;3;9;6;0.294604235;ISL;122.5245031;13227;256.8842975;1398.391185;17.26585656;-62.69617397
St._Vincent;America_S;Saint_Vincent_and_the_Grenadines;97;12;NA;NA;NA;3;6;6;0.390726997;ISL;232.1378;6233;247.0751073;2349.075107;13.20205468;-61.20753009
Yunnan;Asia_Temp;China;395;10;NA;NA;NA;1;4;6;383.1372633;MAINL;111.0953667;3711;154.4052594;1137.382393;24.97668132;101.486931
Para;America_S;Brazil;111;8;NA;NA;3;3;8;6;1235.145635;MAINL;4.734636273;7693.31;259.5880516;2140.84781;-4.035678997;-53.12350521
Santa_Catarina;America_S;Brazil;230;7;NA;NA;8;3;11;6;94.81783357;MAINL;54.998666;10255;173.3290579;1669.556734;-27.24814792;-50.48760737
Sicilia;Europe;Italy;146;6;NA;NA;NA;4;12;6;25.67843256;ISL;187.8409281;28380.92;156.522358;518.3277494;37.58920628;14.1428387
Hainan;Asia_Temp;China;244;6;NA;NA;NA;1;6;6;34.02608505;ISL;218.9199196;7746.07;240.3740114;1484.334774;19.20103623;109.7420098
Sichuan;Asia_Temp;China;250;5;NA;NA;NA;1;5;6;481.0107179;MAINL;171.464489;10398.98;84.00557109;898.9237554;30.5883367;102.739738
Zaire;Africa;Democratic_Republic_of_the_Congo;522;3;NA;NA;9;2;6;6;2326.815922;MAINL;21.45559961;207.47;239.3146762;1595.172495;-2.876231321;23.6544568
Central_European_Russia;Europe;Russia;778;1;NA;NA;NA;3;11;6;852.831574;MAINL;56.92585617;NA;45.75461175;591.5810909;54.88373842;39.80245698
New_Brunswick;America_N;Canada;586;1;NA;NA;1;6;8;6;72.84124402;MAINL;9.812158201;29484;40.79798931;1104.562435;46.63101173;-66.37001739
Delaware;America_N;USA;748;1;0;1;4;7;7;6;5.069399875;MAINL;151.901476;41541;126.8795577;1094.083454;38.99814067;-75.51281006
Idaho;America_N;USA;615;1;2;0;11;9;9;6;216.2747858;MAINL;5.951237613;33046;49.81002188;485.4476525;44.39671877;-114.6539269
North_Dakota;America_N;USA;340;NA;NA;NA;4;7;9;5;182.5591808;MAINL;3.477335964;44435;46.17720267;437.5128027;47.44750074;-100.4594152
Belarus;Europe;Belarus;187;NA;0;0;10;2;8;5;207.7233836;MAINL;48.23797762;NA;62.17644796;624.7167989;53.5402221;28.04696571
Wyoming;America_N;USA;418;NA;1;0;7;5;9;5;253.511155;MAINL;1.964704724;46581;47.11958151;356.5421561;42.99898778;-107.5398654
Iowa;America_N;USA;624;NA;1;0;5;7;7;5;145.2687718;MAINL;20.27107819;39409;87.22245116;839.2112704;42.07863115;-93.49640075
Samoa;Pacific;Samoa;81;35;0;1;4;6;7;5;2.942501964;ISL;51.10987002;3530.6;246.9166431;3737.999152;-13.7583492;-172.1594545
Marquesas;Pacific;French_Polynesia;720;27;NA;NA;NA;5;8;5;1.086533296;ISL;6.548329287;NA;280;1354.423888;-9.365536166;-139.5863238
Philippines;Asia_Trop;Philippines;628;21;4;3;42;11;14;5;294.7061884;ISL;246.7037795;3193.63;254.6001803;2549.590033;11.74740395;122.873632
Taiwan;Asia_Temp;Taiwan;607;19;3;7;30;32;9;5;36.16345679;ISL;584.4356559;26692.99;191.45637;2509.290953;23.74833247;120.9594018
Guangdong;Asia_Temp;China;387;15;NA;NA;NA;3;6;5;176.5051867;MAINL;502.065409;5248.93;210.8093204;1689.871669;23.34847412;113.4101728
Baleares;Europe;Spain;183;14;4;17;NA;6;22;5;5.101695964;ISL;152.6073817;28762.98;162.4779335;585.2899792;39.55938907;2.900068554
Arkansas;America_N;USA;706;11;1;1;7;6;7;5;137.5452584;MAINL;19.57493471;33987;156.9174271;1263.315269;34.90084347;-92.44235749
Guyana;America_S;Guyana;113;7;0;3;2;0;8;5;210.6798705;MAINL;3.452694424;2874;260.0923358;2030.753099;4.792379697;-58.97416751
Corse;Europe;France;397;2;NA;NA;NA;1;19;5;8.783023839;ISL;28.53734329;31299.3;127.59473;727.1301539;42.15818981;9.105312296
Uruguay;America_S;Uruguay;189;1;1;2;2;4;10;5;177.8429144;MAINL;18.69174685;8618.89;175.231734;1219.897915;-32.79956891;-56.01217767
Tasmania;Australasia;Australia;861;1;0;1;8;22;21;5;68.5029534;ISL;6.483922721;32602;102.7549489;1313.050604;-41.94278479;146.6009979
Turkey-in-Europe;Europe;Turkey;94;NA;NA;NA;NA;1;4;4;23.8402036;MAINL;331.5325303;NA;131.5849077;643.0284065;41.26119862;27.29964162
Alberta;America_N;Canada;360;NA;NA;NA;6;4;8;4;654.9357148;MAINL;4.595950804;49837;3.259668268;450.8046195;55.2010092;-114.4701947
Saskatchewan;America_N;Canada;379;NA;NA;NA;4;4;9;4;651.9725001;MAINL;1.549362781;38562;-4.252332685;426.3852685;54.41922757;-105.8900548
Antofagasta;America_S;Chile;92;NA;NA;NA;1;2;9;4;124.5750972;MAINL;3.943090359;42173.79;119.1089778;20.49371791;-23.46957094;-69.11992217
Norway;Europe;Norway;595;NA;1;0;10;4;8;4;296.2719369;MAINL;13.52098862;50490.91;11.75613852;990.184788;64.47682573;14.32743333
Latvia;Europe;Latvia;274;NA;0;0;10;1;7;4;64.63097623;MAINL;35.56234048;12030.63;56.48138983;659.8596591;56.85766939;24.92915332
Lithuania;Europe;Lithuania;259;NA;0;0;5;2;8;4;65.04752068;MAINL;53.52936204;14136.06;61.86926424;663.3302818;55.33585013;23.89683075
Fiji;Pacific;Fiji;328;32;1;3;12;13;11;4;19.31863091;ISL;39.0848706;3649.4;242.0837809;2539.996067;-17.46392685;160.7916367
Comoros;Africa;Comoros;3;31;0;7;1;9;6;4;1.72422151;ISL;301.2994798;NA;227.0692829;2077.72093;-11.89337767;43.67623201
Veracruz;America_N;Mexico;124;24;1;2;8;4;8;4;71.16947337;MAINL;104.3691465;8284;238.9120103;1714.279736;19.37738436;-96.405429
Barbados;America_S;Barbados;91;23;2;3;1;7;8;4;0.447938085;ISL;559.1887816;15854.4;255.8534323;1350.152134;13.17879902;-59.56212696
Yucatan;America_N;Mexico;54;15;0;4;1;3;6;4;37.8807742;MAINL;44.50009916;9599.41;257.6894037;1025.383838;20.77846762;-88.94002484
Bahia;America_S;Brazil;179;14;NA;NA;7;3;10;4;560.0010509;MAINL;21.0359486;4627;234.6392068;867.8729015;-12.4751082;-41.70392506
Zhejiang;Asia_Temp;China;229;9;NA;NA;NA;2;4;4;99.91138177;MAINL;440.2019144;12032;161.6282334;1558.272465;29.16724629;120.060059
Amazonas;America_S;Brazil;111;9;NA;NA;4;4;7;4;1566.064754;MAINL;1.84503419;7693.31;262.3207547;2540.671423;-4.18918209;-64.71902655
Hunan;Asia_Temp;China;201;7;NA;NA;NA;2;5;4;210.9874762;MAINL;302.2529665;5771;166.8496343;1437.934065;27.61617559;111.702058
Nayarit;America_N;Mexico;49;7;0;1;7;4;7;4;27.51063008;MAINL;NA;7347;222.3224232;1135.777848;21.84691881;-104.9188405
Pernambuco;America_S;Brazil;139;5;NA;NA;3;3;7;4;97.53862853;MAINL;82.64941245;4547;234.1961591;744.9111585;-8.329462925;-37.99262821
Victoria;Australasia;Australia;1269;3;NA;NA;15;21;18;4;227.7253026;MAINL;20.03256514;38288.33;137.9594381;703.7379527;-36.85746645;144.3078569
Laos;Asia_Trop;Lao_People's_Democratic_Republic;204;3;NA;NA;12;2;6;4;229.9222451;MAINL;24.39432866;1122.9;228.3428699;1888.880755;18.50244318;103.7634132
Western_Cape_Province;Africa;South_Africa;551;3;NA;NA;11;9;16;4;129.0475468;MAINL;33.19355346;6975.41;161.8833766;363.2146673;-33.01162095;20.61422584
Misiones;America_S;Argentina;78;1;1;1;0;2;8;4;30.12781537;MAINL;33.81628055;4370.17;198.3498757;1721.617699;-26.86693413;-54.64789239
Angola;Africa;Angola;229;NA;NA;NA;NA;2;6;3;1240.511656;MAINL;10.91240316;4218.6;216.0221632;1019.378825;-12.3357622;17.57181504
Yukon;America_N;Canada;161;NA;NA;NA;0;3;6;3;465.5240655;MAINL;0.064229173;55778.09;-67.99810987;331.2875544;63.744233;-135.346587
Northwest_Territories;America_N;Canada;118;NA;NA;NA;0;2;7;3;1347.862936;MAINL;0.028487543;55778.09;-96.77011698;255.3995816;66.33106742;-118.9823435
Nunavut;America_N;Canada;14;NA;NA;NA;0;2;7;3;1742.199849;MAINL;0.011822665;55778.09;-140.5307613;202.2473388;68.86334833;-92.41081059
American_Samoa;Pacific;American_Samoa;185;NA;1;2;4;3;6;3;0.229735712;ISL;226.0367655;41376;261.9214286;4075.496429;-14.28592649;-170.4018397
Senegal;Africa;Senegal;97;NA;0;1;NA;2;7;3;196.0625973;MAINL;51.31640118;1415.5;276.3889401;668.6095428;14.36697739;-14.46817708
Montana;America_N;USA;584;NA;1;0;9;8;10;3;381.0032318;MAINL;2.384598577;36316;51.37654007;417.0446556;47.03479245;-109.6239835
Estonia;Europe;Estonia;126;NA;0;0;4;2;7;3;45.97799801;MAINL;28.49828393;17017.47;51.44397275;628.8217102;58.67400787;25.5257709
Tuamotu;Pacific;French_Polynesia;461;31;NA;NA;NA;0;8;3;0.288226233;ISL;7.576402051;NA;256.3812317;1565.510264;-16.02348622;-145.2654942
Bermuda;America_S;Bermuda;60;17;2;5;NA;16;6;3;0.040251521;ISL;562.6171676;88207.3;215.462963;1475.740741;32.31349498;-64.75637722
Israel;Asia_Temp;Israel;167;16;0;1;14;9;5;3;26.97736718;MAINL;338.8136004;23227.2;199.0231088;305.886707;31.48781564;35.02148317
Tabasco;America_N;Mexico;47;13;0;3;9;2;6;3;24.00665869;MAINL;76.28723879;22159;262.9343851;2116.222154;17.94567288;-92.57568966
Norfolk_I.;Australasia;Norfolk_Island;271;13;0;1;NA;11;7;3;0.050572194;ISL;31.60771366;33394.1;193.1323529;1231.470588;-29.03719883;167.9528661
Guangxi;Asia_Temp;China;303;12;NA;NA;NA;2;6;3;236.5318287;MAINL;186.1618842;4908;202.0115171;1512.322532;23.83116833;108.7855299
French_Guiana;America_S;French_Guiana;162;12;1;2;1;0;8;3;83.6257059;MAINL;1.834070465;19600;254.0411181;2696.908096;3.924382847;-53.24126852
Fujian;Asia_Temp;China;312;10;NA;NA;NA;3;6;3;120.7870885;MAINL;266.189027;9434;182.3562275;1673.027663;26.0753818;117.9675578
Minas_Gerais;America_S;Brazil;226;10;NA;NA;13;3;9;3;586.70735;MAINL;31.19416123;7534;217.4373544;1259.740872;-18.45197695;-44.67354281
Mato_Grosso;America_S;Brazil;113;6;NA;NA;2;2;7;3;903.6163183;MAINL;2.831505826;4385.89;247.7232813;1812.020818;-12.96428624;-55.92252586
Suriname;America_S;Suriname;116;6;0;6;4;0;8;3;145.0183028;MAINL;2.950965931;8321.1;263.1034357;2250.300755;4.126707567;-55.91158943
Kenya;Africa;Kenya;145;6;0;4;14;8;8;3;581.8851525;MAINL;52.52424343;1143.73;242.2127309;604.690329;0.529779858;37.85786204
Cameroon;Africa;Cameroon;296;6;0;1;3;0;6;3;464.7999248;MAINL;31.76042612;1742.69;242.8508563;1643.61148;5.685796322;12.74325047
Sonora;America_N;Mexico;63;6;2;0;12;5;8;3;180.6506786;MAINL;12.512614;12928;210.0347477;382.6518718;29.71215807;-110.816409
Oaxaca;America_N;Mexico;166;5;0;2;9;3;6;3;92.40927888;MAINL;37.83728715;5479;213.6869786;1421.529268;16.95950336;-96.43151589
Nigeria;Africa;Nigeria;193;5;0;1;3;1;6;3;908.6190421;MAINL;128.523253;1929.38;264.1155218;1174.030953;9.593624582;8.105318389
Nevada;America_N;USA;431;3;3;3;15;7;10;3;286.6078625;MAINL;7.012880175;38269;91.55032641;249.1776841;39.35827474;-116.6521158
Jiangxi;Asia_Temp;China;212;2;NA;NA;NA;3;6;3;167.6284743;MAINL;243.3194807;5008;176.9559444;1571.934481;27.61682537;115.7152356
Buenos_Aires;America_S;Argentina;413;1;1;2;4;8;14;3;306.1855494;MAINL;46.49577359;8458;150.3885113;810.9132973;-36.67974516;-60.55879053
Northern_Ireland;Europe;United_Kingdom;392;NA;NA;NA;NA;5;13;2;14.29860201;ISL;114.1410231;27032;83.78353904;1078.711723;54.6037362;-6.694507028
Hebei;Asia_Temp;China;193;NA;NA;NA;NA;2;4;2;186.8675447;MAINL;359.6860416;6702;90.96733681;504.1196717;39.53587817;116.1131205
Uganda;Africa;Uganda;68;NA;NA;NA;9;2;6;2;242.066483;MAINL;100.5799848;963.93;224.7128911;1195.680985;1.28008215;32.38624065
Brasilia_Distrito_Federal;America_S;Brazil;130;NA;NA;NA;7;0;7;2;5.863843619;MAINL;355.0882896;11171.53;213.7618445;1491.12442;-15.77139677;-47.79044835
South_Dakota;America_N;USA;367;NA;NA;NA;6;5;7;2;198.7031041;MAINL;3.807012343;40943;73.57398357;484.3556201;44.43756367;-100.2198562
Amapa;America_S;Brazil;56;NA;NA;NA;2;2;7;2;139.479956;MAINL;3.043708432;4385.89;259.7993678;2594.973261;1.448617435;-51.96011137
Manitoba;America_N;Canada;366;NA;NA;NA;1;4;7;2;650.4479044;MAINL;1.771600081;33713;-26.28237176;476.1635799;54.92648933;-97.43005757
Liechtenstein;Europe;Liechtenstein;77;NA;1;1;1;0;3;2;0.17527011;MAINL;208.3878005;140707.1;62.26262626;1214.922559;47.15259548;9.555264926
Cordoba;America_S;Argentina;60;NA;0;1;0;1;10;2;99.20686875;MAINL;10.13606444;4259;218.4316989;937.1404883;-26.39787474;-60.75863616
Albania;Europe;Albania;106;NA;0;0;8;1;6;2;28.67678069;MAINL;105.2618722;4094.4;114.3979274;1145.589113;41.14254637;20.06837242
Rio_Negro;America_S;Argentina;220;NA;0;0;5;3;13;2;202.969896;MAINL;3.388051538;8349;120.5982947;268.6263646;-40.39982501;-67.23682833
Iceland;Europe;Iceland;59;NA;0;0;1;0;9;2;85.48214408;ISL;2.790329346;41695.9;17.41436705;1129.633428;65.03035849;-18.67238872
Guam;Pacific;Guam;833;30;5;6;2;9;10;2;0.578666353;ISL;257.8003996;41376;267.5902579;2351.018625;13.44403107;144.7758568
Quintana_Roo;America_N;Mexico;41;18;0;3;1;2;6;2;51.07347375;MAINL;16.33557963;14307;256.1179918;1201.750194;19.55871322;-88.2542752
Tamaulipas;America_N;Mexico;77;13;1;2;13;7;7;2;79.34721984;MAINL;34.92362784;12718;229.4656545;749.1693217;24.29725009;-98.62172897
Guerrero;America_N;Mexico;57;13;0;2;9;2;6;2;64.43660161;MAINL;49.26242453;5888;241.823723;1237.053511;17.66720265;-99.90256068
Montserrat;America_S;Montserrat;191;13;1;1;NA;3;6;2;0.115130258;ISL;31.97494958;11650;251.8142857;1753.628571;16.73575969;-62.18692145
Chiapas;America_N;Mexico;92;13;0;1;8;3;6;2;73.48714665;MAINL;55.42591295;5130;231.8605505;2012.069139;16.4988661;-92.46536864
Grenada;America_S;Grenada;24;12;1;5;1;2;11;2;0.413492393;ISL;257.2433877;7366.6;261.5315682;2004.319756;12.16251573;-61.65003909
Morocco;Africa;Morocco;410;12;0;2;18;0;4;2;403.1294027;MAINL;71.13838112;3621.14;170.7926785;318.5686151;31.88356133;-6.31780089
Egypt;Africa;Egypt;179;12;0;2;4;5;4;2;926.2616253;MAINL;71.09309413;4340.46;221.4002544;12.36512478;26.35781078;29.5313701
Nicaragua;America_S;Nicaragua;671;12;0;2;4;2;7;2;128.1240677;MAINL;38.47933724;2189.42;250.704637;2292.535245;12.839712;-85.03470963
Hong_Kong;Asia_Temp;China;167;11;0;3;8;26;11;2;1.061389794;MAINL;4962.003738;32550.1;222.3597923;2107.62908;22.37770246;114.1129083
Tanzania;Africa;Tanzania;157;11;0;2;11;11;15;2;941.3888231;MAINL;36.5524744;1177.7;224.9667575;979.6588725;-6.270196782;34.8234036
Peninsular_Malaysia;Asia_Trop;Malaysia;218;9;NA;NA;NA;8;10;2;131.5967961;MAINL;134.2172937;NA;257.6307827;2551.56715;4.039530302;102.1715693
Thailand;Asia_Trop;Thailand;251;9;1;2;21;4;10;2;512.8154694;MAINL;118.8494101;8065.57;261.2177553;1496.422721;15.11989714;101.0149076
Belize;America_S;Belize;62;8;0;5;1;2;7;2;22.14178622;MAINL;9.786265464;4527.3;248.3880536;2043.308707;17.2185052;-88.68282364
Shandong;Asia_Temp;China;176;6;NA;NA;NA;2;4;2;155.4337859;MAINL;578.2976751;9658;130.0389087;672.2437225;36.34580724;118.1392236
Phoenix_Is.;Pacific;Kiribati;51;6;NA;NA;NA;0;7;2;0.090666986;ISL;0.362413411;NA;284.9357798;734.4311927;-3.419467314;-171.7279731
Cape_Verde;Africa;Cape_Verde;94;6;1;3;NA;6;6;2;3.52523985;ISL;109.38992;3413.3;217.0263588;254.3072078;15.98732287;-24.10306511
San_Luis_Potosi;America_N;Mexico;65;6;1;1;9;5;6;2;63.97920346;MAINL;37.29585195;9903.81;195.2161427;620.0700746;22.61555664;-100.4381633
Ghana;Africa;Ghana;190;5;NA;NA;2;1;6;2;239.0330591;MAINL;83.04733347;1658.09;269.3820866;1246.449057;7.959639297;-1.207050125
Shaanxi;Asia_Temp;China;164;3;NA;NA;NA;1;4;2;203.5266201;MAINL;174.2634249;6408;105.4184727;652.7318067;35.15820129;108.8611469
Eastern_Cape_Province;Africa;South_Africa;601;3;NA;NA;8;7;16;2;170.0972833;MAINL;39.59257724;6975.41;158.2067876;584.8399704;-32.14219133;26.46715497
Mozambique;Africa;Mozambique;502;3;0;1;1;4;6;2;786.4254577;MAINL;22.48686463;755;239.4749024;989.9436755;-17.26020232;35.55224706
Guinea;Africa;Guinea;86;3;0;0;NA;1;6;2;245.0615833;MAINL;33.94406011;435.4;256.810938;1833.574036;10.43853955;-10.94184026
Anhui;Asia_Temp;China;184;2;NA;NA;NA;2;5;2;140.1271009;MAINL;424.0883761;4905;155.8505189;1122.035172;31.82003385;117.2273851
Sierra_Leone;Africa;Sierra_Leone;76;2;NA;NA;NA;1;6;2;72.49776917;MAINL;60.96810303;727.1;260.6746881;2734.658832;8.560345771;-11.79209994
KwaZulu-Natal;Africa;South_Africa;610;2;NA;NA;12;7;16;2;92.72765142;MAINL;NA;5835.86;178.5531449;867.8218014;-28.7085677;30.72508497
Mpumalanga;Africa;South_Africa;450;2;NA;NA;6;4;11;2;78.1371902;MAINL;43.32264391;8659.27;170.7046383;774.9155334;-25.86622788;30.23675351
Sudan;Africa;Sudan_and_South_Sudan;59;2;NA;NA;4;1;7;2;2502.438097;MAINL;13.14559987;1580.15;267.7205499;411.3825489;13.88720329;30.08706657
South_Australia;Australasia;Australia;1211;2;0;1;8;25;27;2;983.5961206;MAINL;1.482734776;36571.53;192.2845882;230.2886108;-30.10453814;135.8267162
Biobio;America_S;Chile;319;1;NA;NA;10;3;11;2;35.9902849;MAINL;48.58771918;8324;111.1803142;1334.926159;-37.17970894;-72.26743353
Santiago;America_S;Chile;299;1;NA;NA;9;3;10;2;15.82896234;MAINL;387.1437805;14873.59;100.6827088;492.2966591;-33.61157321;-70.64335484
Coquimbo;America_S;Chile;180;1;NA;NA;4;3;10;2;39.50089354;MAINL;14.77464053;9485;96.22176756;148.2203288;-30.62526311;-70.88652
Prince_Edward_I.;America_N;Canada;407;1;NA;NA;1;5;7;2;5.995178218;ISL;21.66761567;27838;55.72498264;1107.64941;46.39620383;-63.24493637
Colima;America_N;Mexico;42;1;0;1;2;2;6;2;5.749713996;MAINL;96.12377535;11467;247.578046;972.8843346;19.13757732;-103.9175546
Coahuila;America_N;Mexico;56;1;1;0;13;6;8;2;150.5834654;MAINL;13.65768574;15162;199.2801357;339.5828732;27.30685243;-102.0336915
Corrientes;America_S;Argentina;195;1;1;0;4;1;11;2;167.7722859;MAINL;18.64145262;9314.2;172.4920704;739.0012823;-32.09504217;-63.771565
Chaco;America_S;Argentina;100;1;0;0;0;1;10;2;88.61415073;MAINL;10.44098579;4467;207.1384337;1291.893573;-28.76462557;-57.79185251
Jilin;Asia_Temp;China;134;NA;NA;NA;NA;2;5;1;191.8125018;MAINL;140.4800804;7459;39.27333496;626.4132717;43.67329592;126.1869423
Tianjin;Asia_Temp;China;86;NA;NA;NA;NA;2;4;1;11.26689176;MAINL;861.3469134;16788;120.806322;552.0935303;39.28387049;117.3080464
Foroyar;Europe;Faroe_Islands_;28;NA;NA;NA;NA;2;4;1;1.599559836;ISL;25.44930439;46412.5;58.44112434;1442.129906;62.050314;-6.863636018
Irkutsk;Asia_Temp;Russia;59;NA;NA;NA;NA;1;7;1;773.704333;MAINL;3.508992275;13167.32;-51.83519696;410.8148184;57.09665491;106.3584418
Botswana;Africa;Botswana;170;NA;NA;NA;4;3;8;1;578.324768;MAINL;3.038004212;6492.9;208.1585675;394.0184957;-22.18204586;23.81507477
Chatham_Is.;Australasia;New_Zealand;425;NA;NA;NA;1;16;8;1;0.705374944;ISL;0.650471078;33394.1;112.4683099;933.1505282;-43.95966231;-176.5029737
Atacama;America_S;Chile;113;NA;NA;NA;0;2;10;1;77.95618686;MAINL;3.293847385;18565;95.26505424;44.13465087;-27.36817479;-69.90115182
Tarapaca;America_S;Chile;99;NA;NA;NA;0;1;9;1;57.06564795;MAINL;7.403107175;17194.36;110.5536176;78.45755363;-19.70296898;-69.47903129
Argentina_Distrito_Federal;America_S;Argentina;101;NA;1;2;0;8;8;1;0.179867603;MAINL;14691.56225;28358.07;167.7086614;1036.893701;-34.6178664;-58.44990504
Luxembourg;Europe;Luxembourg;105;NA;0;1;2;3;8;1;2.583234462;MAINL;170.9800838;73242.97;87.12922679;853.9420633;49.77095611;6.087551964
Moldova;Europe;Republic_of_Moldova;186;NA;0;0;1;2;9;1;33.69334424;MAINL;125.5054339;3845.6;93.29079578;554.1596764;47.19332561;28.47434317
Formosa;America_S;Argentina;43;NA;0;0;0;1;9;1;76.15183672;MAINL;6.49928736;3704;225.71936;934.4692529;-24.90209428;-59.93084066
Jujuy;America_S;Argentina;103;NA;0;0;0;1;8;1;53.03887098;MAINL;11.56658685;4709;101.337052;297.5858652;-23.31119001;-65.76752951
Santiago_del_Estero;America_S;Argentina;68;NA;0;0;0;1;8;1;135.0311972;MAINL;6.06381597;3890;209.6652621;659.7473033;-27.72662122;-63.29352259
Tonga;Pacific;Tonga;301;26;0;4;1;7;8;1;0.77619795;ISL;102.5802047;3552.6;240.5635988;1841.566701;-19.98207653;-174.8245319
Antigua-Barbuda;America_S;Antigua_and_Barbuda;67;17;3;2;4;8;11;1;0.543443256;ISL;131.1749435;13017.3;264.1210762;1029.77429;17.280137;-61.79112759
Hidalgo;America_N;Mexico;61;16;0;1;13;4;6;1;21.19478304;MAINL;101.4087253;7824;171.0783965;915.2448423;20.47097878;-98.87119546
Martinique;America_S;Martinique;144;15;4;4;5;14;8;1;1.150177997;ISL;302.7829313;31299.3;248.2460432;2298.798561;14.6527742;-61.02147382
St._Lucia;America_S;Saint_Lucia;101;12;2;4;3;4;11;1;0.636693958;ISL;234.1481636;7059.6;249.7464052;2059.80915;13.89811518;-60.96869084
Dominica;America_S;Dominica;81;12;1;4;1;4;8;1;0.764972304;ISL;89.44427868;6926.8;238.1280947;2599.263724;15.43661252;-61.35549385
Maharashtra;Asia_Trop;India;352;9;NA;NA;NA;1;2;1;313.0251622;MAINL;304.5545305;5577;261.8897499;1203.949146;19.45057272;76.13280191
Pitcairn_Is.;Pacific;French_Polynesia;95;9;0;1;NA;0;2;1;0.053639979;ISL;1.25024456;23583;211.173913;1435;-24.505797;-128.44279
Algeria;Africa;Algeria;328;9;0;0;5;3;4;1;2317.476843;MAINL;13.00005576;5988.78;229.5126019;80.00325379;28.1633545;2.632362328
Ascension;Africa;St_Helena;157;8;0;1;NA;6;6;1;0.098415285;ISL;5.012754817;34266.97;253.1864407;189;-7.938079755;-14.3632866
Sinaloa;America_N;Mexico;59;7;0;2;7;4;6;1;57.56603125;MAINL;44.66787448;10247;238.9089879;770.5385196;25.02149419;-107.48362
South_Korea;Asia_Temp;Korea._Republic_of;270;6;0;1;9;2;5;1;97.98129145;MAINL;458.936908;26613.77;112.7735092;1320.17272;36.36769685;127.8293332
Gabon;Africa;Gabon;94;6;0;1;5;0;8;1;260.6922188;MAINL;4.70818406;10120.32;245.0304674;1854.754006;-0.590675636;11.7971526
Parana;America_S;Brazil;238;5;NA;NA;13;3;9;1;198.6129141;MAINL;48.68274682;8742;189.7665186;1557.019525;-24.63153311;-51.61969717
Goias;America_S;Brazil;127;5;NA;NA;4;3;7;1;342.7642415;MAINL;15.03116817;11171.53;241.000271;1530.253387;-16.00574266;-49.59216032
Acre;America_S;Brazil;75;5;NA;NA;1;2;7;1;152.1281229;MAINL;3.864167262;4856;253.7787998;1946.566676;-9.302216249;-70.48182131
Campeche;America_N;Mexico;53;5;0;3;6;2;6;1;50.1021149;MAINL;13.43684078;84158;259.6329249;1268.653196;18.87271414;-90.43363975
Tunisia;Africa;Tunisia;225;5;0;0;8;1;7;1;155.3822053;MAINL;59.35734291;5667.38;191.1699127;224.5841494;34.11124296;9.561555724
Hubei;Asia_Temp;China;196;4;NA;NA;NA;1;5;1;185.9394534;MAINL;319.3186718;6590;151.0699623;1164.220791;30.97345725;112.2608687
Mato_Grosso_do_Sul;America_S;Brazil;112;4;NA;NA;2;3;8;1;355.7959765;MAINL;5.980685307;7693.31;241.3329002;1389.452818;-20.33582373;-54.83660983
Maranhao;America_S;Brazil;82;4;NA;NA;2;2;7;1;326.2292646;MAINL;16.96980197;2892;263.9580453;1502.053963;-5.087670998;-45.2884004
Shanghai;Asia_Temp;China;94;3;NA;NA;NA;2;4;1;5.884601488;MAINL;2695.68606;17622;160.0870541;1043.929284;31.17169808;121.4132633
Espirito_Santo;America_S;Brazil;155;3;NA;NA;3;3;10;1;45.78396942;MAINL;61.76291361;9818;228.8595391;1182.600025;-19.57304471;-40.66751565
Equatorial_Guinea;Africa;Equatorial_Guinea;187;3;0;1;NA;0;7;1;24.89407765;MAINL;12.86636491;16611.5;232.3564788;2212.791039;1.567921819;10.47599001
Nepal;Asia_Trop;Nepal;154;3;0;0;3;1;4;1;147.1989748;MAINL;169.0265018;999.76;141.2849023;1376.588231;28.25300794;83.938516
Guizhou;Asia_Temp;China;227;2;NA;NA;NA;1;5;1;176.0051345;MAINL;202.5514099;3127;154.5983615;1198.713358;26.80880303;106.8705846
Paraiba;America_S;Brazil;102;2;NA;NA;7;2;8;1;56.59272861;MAINL;62.03008426;3564;241.5248831;779.7301085;-7.118993779;-36.8229609
Free_State;Africa;South_Africa;342;2;NA;NA;3;4;14;1;129.989678;MAINL;22.03897722;6721;156.5031872;579.9343102;-28.61014393;26.86433218
Somalia;Africa;Somalia;63;2;0;1;NA;3;7;1;636.2891597;MAINL;10.74649409;111;263.9504072;268.8099106;6.063705784;45.86255319
Ivory_Coast;Africa;Ivory_Coast;266;2;0;1;5;2;7;1;321.3617565;MAINL;50.89635378;1298.5;262.6611747;1334.165966;7.631719608;-5.555505006
Mexico_State;America_N;Mexico;104;2;0;0;11;8;6;1;21.61178953;MAINL;622.6249155;8286.94;155.1255047;967.193435;19.36016639;-99.63188737
Liaoning;Asia_Temp;China;155;1;NA;NA;NA;2;4;1;146.9564019;MAINL;284.3593454;9974;76.06884912;699.7952767;41.29775538;122.6120578
Beijing;Asia_Temp;China;123;1;NA;NA;NA;2;4;1;16.55112541;MAINL;823.5663909;17006;99.4689223;558.8738249;40.17519956;116.405373
Tibet;Asia_Temp;China;151;1;NA;NA;NA;1;4;1;1133.792991;MAINL;2.374040801;3986;-24.44032821;293.6810998;31.712301;88.11841654
Kirgizstan;Asia_Temp;Kyrgyzstan;74;1;NA;NA;11;1;7;1;199.5857994;MAINL;25.08822503;1889.67;10.36199428;422.5757571;41.46490869;74.55549193
Los_Lagos;America_S;Chile;272;1;NA;NA;10;2;12;1;61.31477344;MAINL;17.41206181;6438;94.11531294;1965.364784;-41.32767266;-72.87384001
Ethiopia;Africa;Ethiopia;421;1;NA;NA;10;1;6;1;1127.529104;MAINL;60.77231435;343.7;227.2218045;795.2591898;8.626140571;39.6160194
Maule;America_S;Chile;278;1;NA;NA;7;3;11;1;30.55912655;MAINL;31.74287017;7285.92;109.3389296;919.4310743;-35.62015061;-71.44928597
Magellanes;America_S;Chile;141;1;NA;NA;6;1;15;1;102.7409464;MAINL;1.183711509;12004.52;54.7489731;1529.17258;-52.60010916;-71.70267714
Gauteng;Africa;South_Africa;443;1;NA;NA;5;4;12;1;18.64401726;MAINL;467.6977806;8659.27;165.1937655;688.2288192;-26.04487372;28.20949518
Rio_Grande_do_Norte;America_S;Brazil;70;1;NA;NA;3;3;7;1;52.80773803;MAINL;53.27143511;4289;260.3801903;725.1548035;-5.842243181;-36.6822059
Northern_Province;Africa;South_Africa;398;1;NA;NA;2;3;13;1;122.6759419;MAINL;41.58203305;8659.27;201.493794;585.9278355;-23.73706646;29.31288493
Piaui;America_S;Brazil;72;1;NA;NA;2;2;7;1;252.1767473;MAINL;11.46333141;2973;259.8224268;995.7404583;-7.407952849;-42.98506567
Togo;Africa;Togo;63;1;NA;NA;1;1;6;1;57.12600028;MAINL;93.42885717;725.43;267.5703107;1190.271109;8.534930227;0.975834462
Chihuahua;America_N;Mexico;66;1;0;0;12;5;7;1;247.6071088;MAINL;12.69170568;11682;163.7460799;454.8538667;28.80285297;-106.4443395
San_Juan;America_S;Argentina;89;1;1;0;2;3;10;1;86.78537846;MAINL;7.23919874;4816;97.93235985;169.356638;-30.81524848;-68.87209125
Tucuman;America_S;Argentina;130;1;0;0;1;1;9;1;23.08071736;MAINL;58.68791446;4594;174.9295672;666.8210206;-26.94387535;-65.37843873
La_Rioja;America_S;Argentina;68;1;0;0;0;2;9;1;91.67003637;MAINL;3.179493837;5326;157.9441776;281.0451993;-29.67401779;-67.16850778
